,Name,Value (€)
0,Ederson,20000000.0
1,Stefan Ortega,8000000.0
2,Marcus Bettinelli,600000.0
3,Scott Carson,100000.0
4,Josko Gvardiol,75000000.0
5,Rúben Dias,65000000.0
6,Abdukodir Khusanov,35000000.0
7,Vitor Reis,30000000.0
8,Manuel Akanji,28000000.0
9,John Stones,25000000.0
10,Nathan Aké,25000000.0
11,Jahmai Simpson-Pusey,5000000.0
12,Max Alleyne,500000.0
13,Rayan Aït-Nouri,35000000.0
14,Nico O'Reilly,18000000.0
15,Josh Wilson-Esbrand,4000000.0
16,Rico Lewis,40000000.0
17,Matheus Nunes,35000000.0
18,Kyle Walker,4000000.0
19,Issa Kaboré,4000000.0
20,Rodri,110000000.0
21,Nico González,24000000.0
22,Kalvin Phillips,12000000.0
23,Jacob Wright,800000.0
24,Tijjani Reijnders,60000000.0
25,Mateo Kovacic,20000000.0
26,İlkay Gündoğan,5000000.0
27,Phil Foden,100000000.0
28,Rayan Cherki,45000000.0
29,Bernardo Silva,38000000.0
30,Kevin De Bruyne,20000000.0
31,James McAtee,20000000.0
32,Claudio Echeverri,18000000.0
33,Jérémy Doku,50000000.0
34,Savinho,50000000.0
35,Jack Grealish,28000000.0
36,Oscar Bobb,25000000.0
37,Erling Haaland,180000000.0
38,Omar Marmoush,75000000.0
39,Divin Mubama,4000000.0
40,David Raya,40000000.0
41,Aaron Ramsdale,16000000.0
42,Neto,1500000.0
43,Jack Porter,400000.0
44,Alexéi Rojas,250000.0
45,William Saliba,80000000.0
46,Gabriel Magalhães,75000000.0
47,Jakub Kiwior,28000000.0
48,Ayden Heaven,5000000.0
49,Zane Monlouis,400000.0
50,Maldini Kacurri,300000.0
51,Myles Lewis-Skelly,45000000.0
52,Riccardo Calafiori,35000000.0
53,Oleksandr Zinchenko,20000000.0
54,Kieran Tierney,9000000.0
55,Jurriën Timber,55000000.0
56,Ben White,45000000.0
57,Takehiro Tomiyasu,18000000.0
58,Thomas Partey,14000000.0
59,Jorginho,6000000.0
60,Jack Henry-Francis,200000.0
61,Declan Rice,120000000.0
62,Mikel Merino,35000000.0
63,Salah Oulad,400000.0
64,Martin Ødegaard,85000000.0
65,Ethan Nwaneri,55000000.0
66,Gabriel Martinelli,55000000.0
67,Leandro Trossard,22000000.0
68,Reiss Nelson,16000000.0
69,Bukayo Saka,150000000.0
70,Raheem Sterling,10000000.0
71,Kai Havertz,65000000.0
72,Gabriel Jesus,32000000.0
73,Eddie Nketiah,18000000.0
74,Nathan Butler-Oyedeji,1000000.0
75,Robert Sánchez,20000000.0
76,Filip Jørgensen,18000000.0
77,Mike Penders,12000000.0
78,Gabriel Slonina,3500000.0
79,Lucas Bergström,700000.0
80,Levi Colwill,55000000.0
81,Renato Veiga,25000000.0
82,Trevoh Chalobah,25000000.0
83,Wesley Fofana,25000000.0
84,Axel Disasi,22000000.0
85,Benoît Badiashile,22000000.0
86,Tosin Adarabioyo,20000000.0
87,Mamadou Sarr,20000000.0
88,Aarón Anselmino,8000000.0
89,Harrison Murray-Campbell,500000.0
90,Marc Cucurella,35000000.0
91,Ben Chilwell,15000000.0
92,Ishé Samuels-Smith,700000.0
93,Malo Gusto,35000000.0
94,Reece James,30000000.0
95,Josh Acheampong,8000000.0
96,Genesis Antwi,350000.0
97,Moisés Caicedo,90000000.0
98,Roméo Lavia,40000000.0
99,Dário Essugo,20000000.0
100,Sam Rak-Sakyi,800000.0
101,Enzo Fernández,75000000.0
102,Andrey Santos,35000000.0
103,Kiernan Dewsbury-Hall,20000000.0
104,Carney Chukwuemeka,18000000.0
105,Cesare Casadei,15000000.0
106,Mathis Amougou,10000000.0
107,Harvey Vale,1500000.0
108,Cole Palmer,120000000.0
109,Omari Kellyman,1500000.0
110,Jadon Sancho,28000000.0
111,Tyrique George,10000000.0
112,Pedro Neto,50000000.0
113,Noni Madueke,40000000.0
114,João Félix,20000000.0
115,João Pedro,50000000.0
116,Nicolas Jackson,50000000.0
117,Liam Delap,40000000.0
118,Christopher Nkunku,35000000.0
119,Deivid Washington,8000000.0
120,Marc Guiu,8000000.0
121,David Datro Fofana,6000000.0
122,Shumaira Mheuka,800000.0
123,Alisson,20000000.0
124,Caoimhín Kelleher,20000000.0
125,Vitezslav Jaros,4000000.0
126,Harvey Davies,500000.0
127,Ibrahima Konaté,60000000.0
128,Virgil van Dijk,23000000.0
129,Joe Gomez,20000000.0
130,Jarell Quansah,20000000.0
131,Amara Nallo,1000000.0
132,Konstantinos Tsimikas,18000000.0
133,Andrew Robertson,18000000.0
134,James Norris,150000.0
135,Trent Alexander-Arnold,75000000.0
136,Conor Bradley,30000000.0
137,Ryan Gravenberch,75000000.0
138,Wataru Endo,8000000.0
139,Tyler Morton,7000000.0
140,James McConnell,2000000.0
141,Alexis Mac Allister,100000000.0
142,Curtis Jones,45000000.0
143,Trey Nyoni,4500000.0
144,Dominik Szoboszlai,80000000.0
145,Harvey Elliott,30000000.0
146,Luis Díaz,70000000.0
147,Cody Gakpo,70000000.0
148,Diogo Jota,40000000.0
149,Mohamed Salah,50000000.0
150,Federico Chiesa,14000000.0
151,Darwin Núñez,45000000.0
152,Jayden Danns,800000.0
153,Guglielmo Vicario,32000000.0
154,Antonín Kinský,15000000.0
155,Fraser Forster,1000000.0
156,Brandon Austin,600000.0
157,Alfie Whiteman,500000.0
158,Cristian Romero,50000000.0
159,Micky van de Ven,50000000.0
160,Kevin Danso,25000000.0
161,Radu Drăgușin,25000000.0
162,Ben Davies,6000000.0
163,Alfie Dorrington,700000.0
164,Destiny Udogie,40000000.0
165,Djed Spence,20000000.0
166,Sergio Reguilón,6000000.0
167,Pedro Porro,38000000.0
168,Rodrigo Bentancur,30000000.0
169,Yves Bissouma,25000000.0
170,Archie Gray,38000000.0
171,Lucas Bergvall,38000000.0
172,Pape Matar Sarr,32000000.0
173,Callum Olusesi,500000.0
174,Dejan Kulusevski,50000000.0
175,James Maddison,42000000.0
176,Alfie Devine,3500000.0
177,Heung-min Son,20000000.0
178,Wilson Odobert,20000000.0
179,Mikey Moore,18000000.0
180,Brennan Johnson,40000000.0
181,Min-hyeok Yang,3500000.0
182,Dominic Solanke,40000000.0
183,Mathys Tel,35000000.0
184,Richarlison,20000000.0
185,Timo Werner,7000000.0
186,Will Lankshear,3000000.0
187,Dane Scarlett,2000000.0
188,André Onana,25000000.0
189,Altay Bayındır,8000000.0
190,Tom Heaton,200000.0
191,Leny Yoro,55000000.0
192,Lisandro Martínez,40000000.0
193,Matthijs de Ligt,38000000.0
194,Harry Maguire,13000000.0
195,Victor Lindelöf,8000000.0
196,Tyler Fredricson,3000000.0
197,Jonny Evans,1000000.0
198,Patrick Dorgu,25000000.0
199,Luke Shaw,12000000.0
200,Tyrell Malacia,8000000.0
201,Harry Amass,5000000.0
202,Diogo Dalot,30000000.0
203,Noussair Mazraoui,25000000.0
204,Manuel Ugarte,45000000.0
205,Casemiro,10000000.0
206,Toby Collyer,5000000.0
207,Scott McTominay,50000000.0
208,Kobbie Mainoo,50000000.0
209,Dan Gore,800000.0
210,Bruno Fernandes,50000000.0
211,Mason Mount,28000000.0
212,Christian Eriksen,4000000.0
213,Marcus Rashford,50000000.0
214,Alejandro Garnacho,45000000.0
215,Amad Diallo,45000000.0
216,Antony,35000000.0
217,Facundo Pellistri,8000000.0
218,Rasmus Højlund,35000000.0
219,Joshua Zirkzee,30000000.0
220,Chido Obi,5000000.0
221,Nick Pope,8000000.0
222,Odysseas Vlachodimos,5000000.0
223,Martin Dúbravka,1000000.0
224,Mark Gillespie,200000.0
225,John Ruddy,150000.0
226,Sven Botman,42000000.0
227,Lloyd Kelly,16000000.0
228,Fabian Schär,7000000.0
229,Dan Burn,6000000.0
230,Jamaal Lascelles,4000000.0
231,Lewis Hall,32000000.0
232,Matt Targett,5000000.0
233,Jamal Lewis,2500000.0
234,Alex Murphy,300000.0
235,Tino Livramento,40000000.0
236,Kieran Trippier,4000000.0
237,Emil Krafth,2000000.0
238,Harrison Ashby,1400000.0
239,Sandro Tonali,60000000.0
240,Isaac Hayden,700000.0
241,Bruno Guimarães,80000000.0
242,Joelinton,35000000.0
243,Joe Willock,22000000.0
244,Lewis Miley,22000000.0
245,Sean Longstaff,20000000.0
246,Joe White,275000.0
247,Anthony Gordon,65000000.0
248,Harvey Barnes,35000000.0
249,Jacob Murphy,16000000.0
250,Miguel Almirón,10000000.0
251,Alexander Isak,120000000.0
252,Callum Wilson,8000000.0
253,William Osula,7000000.0
254,Matz Sels,7000000.0
255,Carlos Miguel,4000000.0
256,Matt Turner,2500000.0
257,Wayne Hennessey,150000.0
258,Murillo,55000000.0
259,Nikola Milenković,35000000.0
260,Morato,14000000.0
261,Andrew Omobamidele,8000000.0
262,Willy Boly,1500000.0
263,Tyler Bindon,1200000.0
264,Zach Abbott,300000.0
265,Neco Williams,20000000.0
266,Álex Moreno,7000000.0
267,Harry Toffolo,3000000.0
268,Ola Aina,22000000.0
269,Eric da Silva Moreira,1000000.0
270,Danilo,3500000.0
271,Ibrahim Sangaré,24000000.0
272,Ben Perry,150000.0
273,Elliot Anderson,32000000.0
274,Nicolás Domínguez,18000000.0
275,Ryan Yates,12000000.0
276,James Ward-Prowse,8000000.0
277,Lewis O'Brien,4000000.0
278,Morgan Gibbs-White,50000000.0
279,Callum Hudson-Odoi,25000000.0
280,Jota Silva,15000000.0
281,Ramón Sosa,12000000.0
282,Anthony Elanga,42000000.0
283,Josh Bowler,1000000.0
284,Taiwo Awoniyi,16000000.0
285,Chris Wood,10000000.0
286,Emmanuel Dennis,2500000.0
287,Dean Henderson,20000000.0
288,Sam Johnstone,6000000.0
289,Joe Whitworth,1700000.0
290,Remi Matthews,400000.0
291,Marc Guéhi,45000000.0
292,Joachim Andersen,27000000.0
293,Maxence Lacroix,25000000.0
294,Chadi Riad,15000000.0
295,Chris Richards,14000000.0
296,Rob Holding,3500000.0
297,Tyrick Mitchell,25000000.0
298,Daniel Muñoz,25000000.0
299,Nathaniel Clyne,1000000.0
300,Caleb Kporha,1000000.0
301,Joel Ward,500000.0
302,Adam Wharton,45000000.0
303,Cheick Doucouré,25000000.0
304,Jefferson Lerma,10000000.0
305,David Ozoh,700000.0
306,Kaden Rodney,200000.0
307,Will Hughes,7000000.0
308,Naouirou Ahamada,3500000.0
309,Jeffrey Schlupp,3000000.0
310,Eberechi Eze,55000000.0
311,Daichi Kamada,12000000.0
312,Matheus França,10000000.0
313,Justin Devenny,6000000.0
314,Asher Agbinone,75000.0
315,Ismaïla Sarr,25000000.0
316,Romain Esse,12000000.0
317,Malcolm Ebiowei,1200000.0
318,Franco Umeh,75000.0
319,Jean-Philippe Mateta,30000000.0
320,Odsonne Édouard,8000000.0
321,Jordan Ayew,2500000.0
322,Emiliano Martínez,20000000.0
323,Joe Gauci,1500000.0
324,Robin Olsen,1000000.0
325,Oliwier Zych,800000.0
326,Ezri Konsa,35000000.0
327,Pau Torres,32000000.0
328,Diego Carlos,9500000.0
329,Tyrone Mings,5000000.0
330,Kortney Hause,1000000.0
331,Sil Swinkels,150000.0
332,Ian Maatsen,28000000.0
333,Lucas Digne,10000000.0
334,Matty Cash,25000000.0
335,Kosta Nedeljkovic,10000000.0
336,Andrés García,7000000.0
337,Amadou Onana,50000000.0
338,Boubacar Kamara,40000000.0
339,Lamare Bogarde,6000000.0
340,Youri Tielemans,38000000.0
341,Jacob Ramsey,32000000.0
342,John McGinn,16000000.0
343,Ross Barkley,6000000.0
344,Morgan Rogers,55000000.0
345,Marco Asensio,20000000.0
346,Emiliano Buendía,15000000.0
347,Jamaldeen Jimoh-Aloba,300000.0
348,Jaden Philogene,16000000.0
349,Kadan Young,300000.0
350,Leon Bailey,28000000.0
351,Ollie Watkins,40000000.0
352,Jhon Durán,35000000.0
353,Donyell Malen,25000000.0
354,Bart Verbruggen,30000000.0
355,Carl Rushworth,3000000.0
356,Jason Steele,1500000.0
357,Tom McGill,600000.0
358,Killian Cahill,150000.0
359,Jan Paul van Hecke,32000000.0
360,Igor Julio,20000000.0
361,Adam Webster,11000000.0
362,Eiran Cashin,8000000.0
363,Lewis Dunk,6000000.0
364,Ruairi McConville,1800000.0
365,Odeluga Offiah,600000.0
366,Ed Turns,350000.0
367,Pervis Estupiñán,30000000.0
368,Ferdi Kadıoğlu,25000000.0
369,Jacob Slater,200000.0
370,Imari Samuels,100000.0
371,Tariq Lamptey,11000000.0
372,Joël Veltman,4000000.0
373,Charlie Tasker,200000.0
374,Carlos Baleba,40000000.0
375,Mats Wieffer,25000000.0
376,Jack Hinshelwood,24000000.0
377,Billy Gilmour,20000000.0
378,Yasin Ayari,22000000.0
379,Matt O'Riley,22000000.0
380,Malick Yalcouyé,17000000.0
381,Diego Gómez,14000000.0
382,Jakub Moder,12000000.0
383,Valentín Barco,12000000.0
384,James Milner,1000000.0
385,Jensen Weir,350000.0
386,Brajan Gruda,25000000.0
387,Julio Enciso,22000000.0
388,Kaoru Mitoma,40000000.0
389,Simon Adingra,28000000.0
390,Jeremy Sarmiento,7000000.0
391,Cameron Peupion,225000.0
392,Yankuba Minteh,30000000.0
393,Solly March,6000000.0
394,Amario Cozier-Duberry,2000000.0
395,Georginio Rutter,32000000.0
396,Evan Ferguson,25000000.0
397,Danny Welbeck,5000000.0
398,Mark O'Mahony,500000.0
399,Kepa Arrizabalaga,10000000.0
400,Mark Travers,4000000.0
401,Callan McKenna,600000.0
402,Will Dennis,350000.0
403,Dean Huijsen,60000000.0
404,Ilya Zabarnyi,42000000.0
405,Marcos Senesi,22000000.0
406,Chris Mepham,6000000.0
407,James Hill,3000000.0
408,Matai Akinmboni,1000000.0
409,Milos Kerkez,45000000.0
410,Julio Soler,8000000.0
411,Archie Harris,100000.0
412,Julián Araujo,10000000.0
413,Max Aarons,6000000.0
414,Adam Smith,750000.0
415,Tyler Adams,18000000.0
416,Ben Winterburn,500000.0
417,Alex Scott,20000000.0
418,Lewis Cook,15000000.0
419,Philip Billing,10000000.0
420,Ryan Christie,10000000.0
421,Zain Silcott-Duberry,200000.0
422,Justin Kluivert,35000000.0
423,Marcus Tavernier,18000000.0
424,Hamed Traoré,20000000.0
425,Luis Sinisterra,15000000.0
426,Jaidon Anthony,9000000.0
427,Antoine Semenyo,40000000.0
428,Dango Ouattara,28000000.0
429,David Brooks,10000000.0
430,Dominic Sadi,150000.0
431,Evanilson,35000000.0
432,Enes Ünal,10000000.0
433,Daniel Jebbison,4000000.0
434,Remy Rees-Dottin,300000.0
435,Daniel Adu-Adjei,150000.0
436,Mark Flekken,10000000.0
437,Hákon Valdimarsson,2500000.0
438,Matthew Cox,800000.0
439,Nathan Collins,28000000.0
440,Sepp van den Berg,22000000.0
441,Kristoffer Ajer,18000000.0
442,Ethan Pinnock,7000000.0
443,Ben Mee,700000.0
444,Ji-soo Kim,600000.0
445,Benjamin Fredrick,150000.0
446,Rico Henry,15000000.0
447,Jayden Meghoma,500000.0
448,Michael Kayode,18000000.0
449,Aaron Hickey,10000000.0
450,Mads Roerslev,6000000.0
451,Vitaly Janelt,20000000.0
452,Christian Nørgaard,11000000.0
453,Yunus Konak,4500000.0
454,Yegor Yarmolyuk,15000000.0
455,Mathias Jensen,14000000.0
456,Frank Onyeka,7000000.0
457,Josh Dasilva,5000000.0
458,Paris Maghoma,800000.0
459,Ryan Trevitt,275000.0
460,Keane Lewis-Potter,23000000.0
461,Mikkel Damsgaard,28000000.0
462,Fábio Carvalho,14000000.0
463,Myles Peart-Harris,900000.0
464,Kevin Schade,30000000.0
465,Gustavo Nunes,10000000.0
466,Tony Yogane,125000.0
467,Bryan Mbeumo,55000000.0
468,Yoane Wissa,32000000.0
469,Igor Thiago,18000000.0
470,Jordan Pickford,18000000.0
471,João Virgínia,800000.0
472,Asmir Begovic,250000.0
473,Zan Luk Leban,150000.0
474,Jarrad Branthwaite,50000000.0
475,James Tarkowski,9000000.0
476,Michael Keane,5000000.0
477,Mason Holgate,4000000.0
478,Reece Welch,350000.0
479,Vitaliy Mykolenko,28000000.0
480,Jake O'Brien,18000000.0
481,Nathan Patterson,15000000.0
482,Ashley Young,500000.0
483,Séamus Coleman,500000.0
484,Roman Dixon,200000.0
485,Orel Mangala,18000000.0
486,James Garner,18000000.0
487,Idrissa Gueye,4000000.0
488,Carlos Alcaraz,14000000.0
489,Tim Iroegbunam,9000000.0
490,Harrison Armstrong,800000.0
491,Jenson Metcalfe,175000.0
492,Abdoulaye Doucouré,7000000.0
493,Dwight McNeil,25000000.0
494,Jack Harrison,14000000.0
495,Iliman Ndiaye,22000000.0
496,Jesper Lindstrøm,18000000.0
497,Beto,22000000.0
498,Dominic Calvert-Lewin,16000000.0
499,Armando Broja,12000000.0
500,Neal Maupay,8000000.0
501,Youssef Chermiti,8000000.0
502,Bernd Leno,10000000.0
503,Steven Benda,1000000.0
504,Calvin Bassey,25000000.0
505,Issa Diop,14000000.0
506,Jorge Cuenca,5000000.0
507,Antonee Robinson,35000000.0
508,Ryan Sessegnon,15000000.0
509,Kenny Tete,13000000.0
510,Timothy Castagne,13000000.0
511,Sander Berge,25000000.0
512,Saša Lukić,14000000.0
513,Harrison Reed,6000000.0
514,Tom Cairney,1500000.0
515,Emile Smith Rowe,30000000.0
516,Andreas Pereira,18000000.0
517,Josh King,1000000.0
518,Alex Iwobi,28000000.0
519,Willian,750000.0
520,Martial Godo,600000.0
521,Harry Wilson,15000000.0
522,Adama Traoré,9000000.0
523,Rodrigo Muniz,20000000.0
524,Jay Stansfield,11000000.0
525,Raúl Jiménez,5000000.0
526,Carlos Vinícius,3500000.0
527,Alphonse Areola,9000000.0
528,Wes Foderingham,600000.0
529,Lukasz Fabianski,500000.0
530,Jean-Clair Todibo,25000000.0
531,Maximilian Kilman,25000000.0
532,Konstantinos Mavropanos,17000000.0
533,Kaelan Casey,1000000.0
534,Emerson,10000000.0
535,Oliver Scarles,8000000.0
536,Aaron Cresswell,500000.0
537,Aaron Wan-Bissaka,24000000.0
538,Vladimír Coufal,5000000.0
539,Edson Álvarez,25000000.0
540,Tomáš Souček,18000000.0
541,Guido Rodríguez,10000000.0
542,Carlos Soler,18000000.0
543,Andrew Irving,4000000.0
544,Lewis Orford,400000.0
545,Lucas Paquetá,28000000.0
546,Crysencio Summerville,22000000.0
547,Mohammed Kudus,45000000.0
548,Jarrod Bowen,40000000.0
549,Luís Guilherme,15000000.0
550,Niclas Füllkrug,10000000.0
551,Danny Ings,6000000.0
552,Michail Antonio,700000.0
553,Anthony Patterson,14000000.0
554,Nathan Bishop,275000.0
555,Blondy Nna Noukeu,150000.0
556,Simon Moore,150000.0
557,Dan Ballard,8000000.0
558,Jenson Seelt,2000000.0
559,Luke O'Nien,1500000.0
560,Aji Alese,1000000.0
561,Joe Anderson,175000.0
562,Zak Johnson,75000.0
563,Dennis Cirkin,8000000.0
564,Leo Hjelde,2000000.0
565,Oliver Bainbridge,100000.0
566,Trai Hume,12000000.0
567,Niall Huggins,800000.0
568,Pierre Ekwah,7000000.0
569,Salis Abdul Samed,5500000.0
570,Jobe Bellingham,22000000.0
571,Enzo Le Fée,18000000.0
572,Dan Neil,7500000.0
573,Alan Browne,2200000.0
574,Nectarios Triantis,1000000.0
575,Jay Matete,400000.0
576,Abdoullah Ba,2500000.0
577,Chris Rigg,20000000.0
578,Adil Aouchiche,1500000.0
579,Milan Aleksic,700000.0
580,Harrison Jones,150000.0
581,Jack Clarke,15000000.0
582,Tom Watson,8000000.0
583,Romaine Mundle,6000000.0
584,Jewison Bennette,600000.0
585,Patrick Roberts,5000000.0
586,Ian Poveda,900000.0
587,Eliezer Mayenda,12000000.0
588,Wilson Isidor,12000000.0
589,Aaron Connolly,2200000.0
590,Nazariy Rusyn,1000000.0
591,Ahmed Abdullahi,1000000.0
592,Luís Semedo,500000.0
593,Illan Meslier,16000000.0
594,Karl Darlow,200000.0
595,Alex Cairns,100000.0
596,Pascal Struijk,18000000.0
597,Joe Rodon,10000000.0
598,Maximilian Wöber,8000000.0
599,Junior Firpo,8000000.0
600,Isaac Schmidt,2200000.0
601,Sam Byram,800000.0
602,Jayden Bogle,9000000.0
603,Ethan Ampadu,20000000.0
604,Ilia Gruev,5000000.0
605,Josuha Guilavogui,300000.0
606,Charlie Crew,150000.0
607,Ao Tanaka,10000000.0
608,Darko Gyabi,1800000.0
609,Joe Rothwell,1800000.0
610,Brenden Aaronson,15000000.0
611,Sam Chambers,200000.0
612,Manor Solomon,14000000.0
613,Largie Ramazani,7500000.0
614,Wilfried Gnonto,22000000.0
615,Daniel James,18000000.0
616,Joël Piroe,18000000.0
617,Mateo Joseph,3500000.0
618,Joe Gelhardt,3000000.0
619,Patrick Bamford,2000000.0
620,Harry Gray,500000.0
621,José Sá,7000000.0
622,Daniel Bentley,1500000.0
623,Tom King,200000.0
624,Toti,28000000.0
625,Emmanuel Agbadou,20000000.0
626,Santiago Bueno,10000000.0
627,Nasser Djiga,10000000.0
628,Yerson Mosquera,8000000.0
629,Bastien Meupiyou,2500000.0
630,Craig Dawson,1500000.0
631,Alfie Pond,250000.0
632,Nélson Semedo,9000000.0
633,Pedro Lima,5000000.0
634,Matt Doherty,2000000.0
635,André,28000000.0
636,Mario Lemina,7500000.0
637,Boubacar Traoré,5000000.0
638,Joe Hodge,1000000.0
639,João Gomes,40000000.0
640,Jean-Ricner Bellegarde,18000000.0
641,Marshall Munetsi,15000000.0
642,Tommy Doyle,10000000.0
643,Luke Cundle,3200000.0
644,Rodrigo Gomes,15000000.0
645,Pablo Sarabia,5000000.0
646,Chem Campbell,900000.0
647,Tawanda Chirewa,500000.0
648,Mateus Mané,200000.0
649,Gonçalo Guedes,11000000.0
650,Carlos Forbs,8000000.0
651,Daniel Podence,5500000.0
652,Enso González,4000000.0
653,Chiquinho,2000000.0
654,Matheus Cunha,60000000.0
655,Jørgen Strand Larsen,30000000.0
656,Hee-chan Hwang,12000000.0
657,Sasa Kalajdzic,4000000.0
658,Leon Chiwome,700000.0
659,Nathan Fraser,600000.0
660,James Trafford,22000000.0
661,Etienne Green,700000.0
662,Václav Hladký,300000.0
663,Maxime Estève,20000000.0
664,CJ Egan-Riley,16000000.0
665,Dara O'Shea,14000000.0
666,Bashir Humphreys,7000000.0
667,Jordan Beyer,6000000.0
668,Joe Worrall,5000000.0
669,Hjalmar Ekdal,4500000.0
670,Hannes Delcroix,3500000.0
671,Luke McNally,3500000.0
672,John Egan,1300000.0
673,Lucas Pires,5000000.0
674,Owen Dodgson,300000.0
675,Vitinho,6000000.0
676,Connor Roberts,4500000.0
677,Oliver Sonne,2700000.0
678,Shurandy Sambo,2000000.0
679,Josh Brownhill,14000000.0
680,Josh Cullen,6500000.0
681,Han-Noah Massengo,5000000.0
682,Josh Laurent,1800000.0
683,Jonjo Shelvey,800000.0
684,Hannibal,12000000.0
685,Aaron Ramsey,10000000.0
686,Mike Tresor,5000000.0
687,Scott Twine,4500000.0
688,Tommy McDermott,100000.0
689,Anass Zaroury,8000000.0
690,Jaydon Banel,1000000.0
691,Dara Costelloe,450000.0
692,Marcus Edwards,12000000.0
693,Luca Koleosho,12000000.0
694,Manuel Benson,3500000.0
695,Nathan Redmond,1500000.0
696,Jóhann Berg Gudmundsson,600000.0
697,Enock Agyei,600000.0
698,Zeki Amdouni,12000000.0
699,Zian Flemming,6500000.0
700,Lyle Foster,6000000.0
701,Wout Weghorst,4000000.0
702,Andréas Hountondji,2500000.0
703,Michael Obafemi,1700000.0
704,Jay Rodríguez,500000.0
705,Ashley Barnes,250000.0
706,Joe Westley,75000.0
707,Thibaut Courtois,20000000.0
708,Andriy Lunin,18000000.0
709,Fran González,400000.0
710,Sergio Mestre,50000.0
711,Raúl Asencio,40000000.0
712,Éder Militão,30000000.0
713,Antonio Rüdiger,20000000.0
714,David Alaba,6000000.0
715,Jacobo Ramón,1000000.0
716,Diego Aguado,1000000.0
717,Jesús Vallejo,1000000.0
718,Víctor Valdepeñas,500000.0
719,Mario Rivas,300000.0
720,Fran García,18000000.0
721,Ferland Mendy,14000000.0
722,Youssef Enríquez,500000.0
723,Daniel Carvajal,8000000.0
724,Lucas Vázquez,3000000.0
725,David Jiménez,400000.0
726,Jesús Fortea,200000.0
727,Lorenzo Aguado,100000.0
728,Aurélien Tchouaméni,75000000.0
729,Mario Martín,1500000.0
730,Chema Andrés,800000.0
731,Federico Valverde,130000000.0
732,Eduardo Camavinga,60000000.0
733,Dani Ceballos,10000000.0
734,Luka Modrić,4000000.0
735,Jude Bellingham,180000000.0
736,Arda Güler,45000000.0
737,Pol Fortuny,400000.0
738,Vinicius Junior,170000000.0
739,Víctor Muñoz,1000000.0
740,Hugo de Llanos,200000.0
741,Rodrygo,90000000.0
742,Brahim Díaz,40000000.0
743,Daniel Yáñez,150000.0
744,Kylian Mbappé,180000000.0
745,Endrick,35000000.0
746,Gonzalo García,8000000.0
747,Marc-André ter Stegen,12000000.0
748,Iñaki Peña,8000000.0
749,Wojciech Szczęsny,1000000.0
750,Ander Astralaga,800000.0
751,Diego Kochen,500000.0
752,Áron Yaakobishvili,300000.0
753,Pau Cubarsí,80000000.0
754,Ronald Araujo,35000000.0
755,Eric García,18000000.0
756,Andreas Christensen,12000000.0
757,Iñigo Martínez,5000000.0
758,Sergi Domínguez,1000000.0
759,Alexis Olmedo,200000.0
760,Andrés Cuenca,200000.0
761,Álvaro Cortés,150000.0
762,Alejandro Balde,60000000.0
763,Gerard Martín,12000000.0
764,Álex Valle,6000000.0
765,Jules Koundé,65000000.0
766,Héctor Fort,10000000.0
767,Landry Farré,300000.0
768,Marc Casadó,30000000.0
769,Marc Bernal,5000000.0
770,Pedri,140000000.0
771,Gavi,60000000.0
772,Frenkie de Jong,45000000.0
773,Guille Fernández,3000000.0
774,Dani Olmo,60000000.0
775,Fermín López,50000000.0
776,Pablo Torre,6000000.0
777,Raphinha,90000000.0
778,Ansu Fati,5000000.0
779,Lamine Yamal,200000000.0
780,Toni Fernández,3000000.0
781,Noah Darvich,2000000.0
782,Dani Rodríguez,800000.0
783,Ferran Torres,40000000.0
784,Robert Lewandowski,12000000.0
785,Pau Víctor,4000000.0
786,Jan Oblak,20000000.0
787,Juan Musso,3500000.0
788,Horațiu Moldovan,2200000.0
789,Alejandro Iturbe,2000000.0
790,Antonio Gomis,150000.0
791,Robin Le Normand,40000000.0
792,José María Giménez,20000000.0
793,Clément Lenglet,7500000.0
794,César Azpilicueta,1500000.0
795,Ilias Kostis,500000.0
796,Gerónimo Spina,200000.0
797,Reinildo Mandava,5000000.0
798,Javi Galán,4000000.0
799,Marcos Llorente,25000000.0
800,Nahuel Molina,20000000.0
801,Santiago Mouriño,3000000.0
802,Carlos Giménez,250000.0
803,Arthur Vermeeren,22000000.0
804,Axel Witsel,2000000.0
805,Pablo Barrios,55000000.0
806,Conor Gallagher,40000000.0
807,Rodrigo De Paul,25000000.0
808,Koke,8000000.0
809,Javi Serrano,700000.0
810,Aitor Gismera,250000.0
811,Thomas Lemar,5000000.0
812,Rayane Belaid,600000.0
813,Samuel Lino,22000000.0
814,Rodrigo Riquelme,12000000.0
815,Carlos Martín,2800000.0
816,Germán Valera,1500000.0
817,Marcos Paulo,450000.0
818,Giuliano Simeone,35000000.0
819,Víctor Mollejo,300000.0
820,Antoine Griezmann,18000000.0
821,Ángel Correa,10000000.0
822,Julián Alvarez,100000000.0
823,Alexander Sørloth,25000000.0
824,Omar Janneh,1000000.0
825,Adrián Niño,800000.0
826,Borja Garcés,300000.0
827,Unai Simón,28000000.0
828,Julen Agirrezabala,15000000.0
829,Álex Padilla,3000000.0
830,Oier Gastesi,150000.0
831,Dani Vivian,40000000.0
832,Aitor Paredes,22000000.0
833,Yeray Álvarez,7000000.0
834,Unai Núñez,3000000.0
835,Unai Egiluz,600000.0
836,Aimar Duñabeitia,150000.0
837,Ander Izagirre,50000.0
838,Adama Boiro,2500000.0
839,Yuri Berchiche,1400000.0
840,Andoni Gorosabel,5000000.0
841,Iñigo Lekue,2000000.0
842,Óscar de Marcos,1500000.0
843,Mikel Vesga,2500000.0
844,Mikel Jauregizar,30000000.0
845,Beñat Prados,18000000.0
846,Iñigo Ruiz de Galarreta,3000000.0
847,Ander Herrera,800000.0
848,Alejandro Rego,300000.0
849,Oihan Sancet,60000000.0
850,Unai Gómez,6000000.0
851,Peio Canales,1000000.0
852,Nico Williams,70000000.0
853,Álex Berenguer,9000000.0
854,Álvaro Djaló,5000000.0
855,Nico Serrano,1200000.0
856,Iker Varela,300000.0
857,Iñaki Williams,15000000.0
858,Adu Ares,1600000.0
859,Aingeru Olabarrieta,500000.0
860,Endika Buján,300000.0
861,Maroan Sannadi,10000000.0
862,Gorka Guruzeta,9000000.0
863,Javi Martón,500000.0
864,Luiz Júnior,10000000.0
865,Diego Conde,7500000.0
866,Iker Álvarez,800000.0
867,Rubén Gómez,100000.0
868,Logan Costa,18000000.0
869,Juan Foyth,15000000.0
870,Willy Kambwala,4000000.0
871,Eric Bailly,2000000.0
872,Raúl Albiol,1000000.0
873,Antonio Espigares,500000.0
874,Jean Ives Valou,200000.0
875,Sergi Cardona,10000000.0
876,Alfonso Pedraza,2500000.0
877,Juan Bernat,2000000.0
878,Arnau Solà,400000.0
879,Pau Navarro,3000000.0
880,Kiko Femenía,900000.0
881,Pape Gueye,15000000.0
882,Santi Comesaña,8000000.0
883,Ramón Terrats,4000000.0
884,Dani Parejo,1500000.0
885,Dani Requena,400000.0
886,Thiago Ojeda,250000.0
887,Alassane Diatta,200000.0
888,Denis Suárez,1200000.0
889,Álex Baena,55000000.0
890,Arnaut Danjuma,4000000.0
891,Yéremy Pino,30000000.0
892,Ilias Akhomach,15000000.0
893,Tajon Buchanan,6000000.0
894,Nicolas Pépé,6000000.0
895,Thierno Barry,20000000.0
896,Ayoze Pérez,10000000.0
897,Karl Etta Eyong,5000000.0
898,Gerard Moreno,4000000.0
899,Pau Cabanes,800000.0
900,Álex Remiro,18000000.0
901,Unai Marrero,600000.0
902,Aitor Fraga,500000.0
903,Egoitz Arana,50000.0
904,Nayef Aguerd,18000000.0
905,Igor Zubeldia,12000000.0
906,Jon Martín,8000000.0
907,Jon Pacheco,6000000.0
908,Aritz Elustondo,3000000.0
909,Luken Beitia,300000.0
910,Sergio Gómez,20000000.0
911,Javi López,7500000.0
912,Aihen Muñoz,4000000.0
913,Jon Balda,300000.0
914,Jon Aramburu,15000000.0
915,Hamari Traoré,2000000.0
916,Álvaro Odriozola,1000000.0
917,Iñaki Rupérez,300000.0
918,Martín Zubimendi,60000000.0
919,Urko González de Zárate,5000000.0
920,Luka Sucic,15000000.0
921,Beñat Turrientes,10000000.0
922,Jon Ander Olasagasti,4000000.0
923,Mikel Rodriguez,250000.0
924,Brais Méndez,22000000.0
925,Arsen Zakharyan,9000000.0
926,Pablo Marín,8000000.0
927,Jon Magunazelaia,600000.0
928,Mikel Goti,400000.0
929,Ander Barrenetxea,15000000.0
930,Sheraldo Becker,2500000.0
931,Arkaitz Mariezkurrena,700000.0
932,Alex Marchal,500000.0
933,Takefusa Kubo,30000000.0
934,Dani Díaz,300000.0
935,Mikel Oyarzabal,25000000.0
936,Orri Óskarsson,15000000.0
937,Umar Sadiq,5000000.0
938,Ekain Orobengoa,250000.0
939,Rui Silva,7000000.0
940,Fran Vieites,2000000.0
941,Adrián,500000.0
942,Guilherme Fernandes,150000.0
943,Germán García,50000.0
944,Natan,9000000.0
945,Diego Llorente,6000000.0
946,Nobel Mendy,4000000.0
947,Marc Bartra,1000000.0
948,Sergio Arribas,400000.0
949,Rudy Kohon,400000.0
950,Romain Perraud,5000000.0
951,Ricardo Rodríguez,2000000.0
952,Lucas Alcázar,300000.0
953,Xavi Pleguezuelo,100000.0
954,Ángel Ortiz,2500000.0
955,Héctor Bellerín,2000000.0
956,Youssouf Sabaly,1800000.0
957,Pablo Busto,300000.0
958,Johnny Cardoso,25000000.0
959,Marc Roca,6000000.0
960,William Carvalho,1500000.0
961,Carlos Guirao,300000.0
962,Sergi Altimira,15000000.0
963,Pablo Fornals,6000000.0
964,Mateo Flores,1000000.0
965,Giovani Lo Celso,15000000.0
966,Nabil Fekir,7000000.0
967,Isco,6000000.0
968,Dani Pérez,500000.0
969,Carlos Reina,300000.0
970,Assane Diao,30000000.0
971,Jesús Rodríguez,30000000.0
972,Abde Ezzalzouli,12000000.0
973,Juanmi,2000000.0
974,Pablo García,5000000.0
975,Aitor Ruibal,3500000.0
976,Rodri Sánchez,2700000.0
977,Iker Losada,1500000.0
978,Vitor Roque,20000000.0
979,Cucho Hernández,18000000.0
980,Chimy Ávila,2000000.0
981,Cédric Bakambu,1500000.0
982,Marcos Fernández,400000.0
983,Giorgi Mamardashvili,30000000.0
984,Stole Dimitrievski,2500000.0
985,Jaume Doménech,400000.0
986,Vicent Abril,200000.0
987,Cristhian Mosquera,30000000.0
988,César Tárrega,10000000.0
989,Yarek Gasiorowski,7500000.0
990,Mouctar Diakhaby,2000000.0
991,Cenk Özkacar,1200000.0
992,Maximiliano Caufriez,1000000.0
993,Álex Serradell,150000.0
994,Iker Córdoba,100000.0
995,José Gayà,9000000.0
996,Jesús Vázquez,3000000.0
997,Ro Abajas,100000.0
998,Thierry Correia,3000000.0
999,Dimitri Foulquier,1500000.0
1000,Rubén Iranzo,300000.0
1001,Enzo Barrenechea,10000000.0
1002,Pepelu,9000000.0
1003,Hugo Guillamón,2500000.0
1004,Javi Guerra,25000000.0
1005,Pedro Alemañ,200000.0
1006,Lucas Núñez,25000.0
1007,André Almeida,10000000.0
1008,Iván Jaime,5000000.0
1009,Luis Rioja,2000000.0
1010,Sergi Canós,1000000.0
1011,Warren Madrigal,400000.0
1012,Pablo López,50000.0
1013,Diego López,15000000.0
1014,Fran Pérez,3000000.0
1015,David Otorbi,500000.0
1016,Martín Tejón,500000.0
1017,Hamza Bellari,100000.0
1018,Ismael Santana,25000.0
1019,Hugo Duro,14000000.0
1020,Dani Gómez,1000000.0
1021,Alberto Marí,1000000.0
1022,Rafa Mir,800000.0
1023,Pau López,2500000.0
1024,Paulo Gazzaniga,2500000.0
1025,Vladyslav Krapyvtsov,200000.0
1026,Juan Carlos,100000.0
1027,Ladislav Krejci,12000000.0
1028,Alejandro Francés,2000000.0
1029,Daley Blind,1500000.0
1030,David López,500000.0
1031,Juanpe,600000.0
1032,Miguel Gutiérrez,20000000.0
1033,Arnau Martínez,10000000.0
1034,Oriol Romeu,1200000.0
1035,Selvi Clua,300000.0
1036,Yangel Herrera,15000000.0
1037,Donny van de Beek,5000000.0
1038,Arthur Melo,5000000.0
1039,Jhon Solís,2500000.0
1040,Iván Martín,6000000.0
1041,Gabriel Misehouy,1000000.0
1042,Bryan Gil,15000000.0
1043,Joel Roca,1000000.0
1044,Toni Villa,800000.0
1045,Min-su Kim,300000.0
1046,Viktor Tsygankov,18000000.0
1047,Yáser Asprilla,15000000.0
1048,Portu,1800000.0
1049,Iker Almena,1300000.0
1050,Abel Ruiz,4000000.0
1051,Bojan Miovski,2500000.0
1052,Cristhian Stuani,1000000.0
1053,Iván Villar,900000.0
1054,Vicente Guaita,700000.0
1055,Marc Vidal,300000.0
1056,Coke Carrillo,200000.0
1057,César Fernández,200000.0
1058,Javi Rodríguez,15000000.0
1059,Carl Starfelt,6000000.0
1060,Carlos Domínguez,3000000.0
1061,Marcos Alonso,1500000.0
1062,Joseph Aidoo,1200000.0
1063,Yoel Lago,1000000.0
1064,Mihailo Ristic,900000.0
1065,Tincho Conde,300000.0
1066,Óscar Mingueza,20000000.0
1067,Sergio Carreira,4000000.0
1068,Javier Manquillo,1000000.0
1069,Damián Rodríguez,3000000.0
1070,Jailson,1000000.0
1071,Fran Beltrán,8000000.0
1072,Ilaix Moriba,6000000.0
1073,Hugo Sotelo,4000000.0
1074,Luca de la Torre,2000000.0
1075,Miguel Román,400000.0
1076,Fer López,5000000.0
1077,Hugo Álvarez,7500000.0
1078,Alfon González,5000000.0
1079,Williot Swedberg,5000000.0
1080,Jonathan Bamba,3500000.0
1081,Franco Cervi,800000.0
1082,Tadeo Allende,2000000.0
1083,Jones El-Abdellaoui,1500000.0
1084,Anastasios Douvikas,10000000.0
1085,Pablo Durán,3500000.0
1086,Borja Iglesias,3000000.0
1087,Iago Aspas,2000000.0
1088,Álvaro Fernández,2000000.0
1089,Ørjan Nyland,900000.0
1090,Alberto Flores,300000.0
1091,Matías Árbol,100000.0
1092,Loïc Badé,25000000.0
1093,Kike Salas,8000000.0
1094,Marcão,2000000.0
1095,Tanguy Nianzou,1500000.0
1096,Ramón Martínez,1000000.0
1097,Andrés Castrín,250000.0
1098,Adrià Pedrosa,7000000.0
1099,Diego Hormigo,300000.0
1100,Oso,200000.0
1101,José Ángel Carmona,12000000.0
1102,Juanlu Sánchez,12000000.0
1103,Gonzalo Montiel,5000000.0
1104,Darío Benavides,300000.0
1105,Lucien Agoumé,8000000.0
1106,Nemanja Gudelj,3000000.0
1107,Albert Sambi Lokonga,8000000.0
1108,Djibril Sow,7500000.0
1109,Saúl Ñíguez,3000000.0
1110,Manu Bueno,1500000.0
1111,Pedro Ortiz,600000.0
1112,Pablo Rivera,200000.0
1113,Alberto Collado,200000.0
1114,Lulo Dasilva,150000.0
1115,Stanis Idumbo,2500000.0
1116,Suso,1500000.0
1117,Rubén Vargas,7000000.0
1118,Lucas Ocampos,6000000.0
1119,Chidera Ejuke,4000000.0
1120,Isra Domínguez,200000.0
1121,Dodi Lukébakio,20000000.0
1122,Peque Fernández,3500000.0
1123,Isaac Romero,6000000.0
1124,Akor Adams,5000000.0
1125,Kelechi Iheanacho,4500000.0
1126,Álvaro García Pascual,1000000.0
1127,Mateo Mejía,400000.0
1128,Leandro Antonetti,300000.0
1129,Joan García,25000000.0
1130,Fernando Pacheco,800000.0
1131,Ángel Fortuño,300000.0
1132,Pol Tristán,100000.0
1133,Llorenç Serred,25000.0
1134,Marash Kumbulla,7500000.0
1135,Fernando Calero,1500000.0
1136,Leandro Cabrera,1000000.0
1137,Sergi Gómez,600000.0
1138,José Luis Català,150000.0
1139,Pablo Ramón,100000.0
1140,Roger Hinojo,50000.0
1141,Carlos Romero,5000000.0
1142,Brian Oliván,1800000.0
1143,Omar El Hilali,15000000.0
1144,Álvaro Tejero,1800000.0
1145,José Ángel López,150000.0
1146,Alex Král,6000000.0
1147,Pol Lozano,5000000.0
1148,Edu Expósito,3000000.0
1149,José Gragera,2000000.0
1150,Álvaro Aguado,1800000.0
1151,Justin Smith,300000.0
1152,Rafel Bauzà,200000.0
1153,Javi Puado,10000000.0
1154,Naci Ünüvar,2000000.0
1155,Pere Milla,1200000.0
1156,Alex Almansa,200000.0
1157,Jofre Carreras,3000000.0
1158,Antoniu Roca,1800000.0
1159,Salvi Sánchez,600000.0
1160,Roberto Fernández,6000000.0
1161,Irvin Cardona,2500000.0
1162,Alejo Veliz,2500000.0
1163,Walid Cheddira,2500000.0
1164,Omar Sadik,500000.0
1165,Augusto Batalla,6000000.0
1166,Dani Cárdenas,1800000.0
1167,Miguel Ángel Morro,300000.0
1168,Abdul Mumin,5000000.0
1169,Florian Lejeune,2500000.0
1170,Pelayo Fernández,500000.0
1171,Aridane Hernández,300000.0
1172,Pep Chavarría,5000000.0
1173,Alfonso Espino,1200000.0
1174,Andrei Rațiu,12000000.0
1175,Iván Balliu,1400000.0
1176,Gerard Gumbau,1500000.0
1177,Pedro Díaz,3000000.0
1178,Unai López,2500000.0
1179,Óscar Valentín,2500000.0
1180,Pathé Ciss,2000000.0
1181,Diego Méndez,100000.0
1182,James Rodríguez,2500000.0
1183,Randy Nteka,1500000.0
1184,Joni Montiel,800000.0
1185,Óscar Trejo,500000.0
1186,Álvaro García,2000000.0
1187,Jorge de Frutos,4000000.0
1188,Adrián Embarba,1200000.0
1189,Isi Palazón,3500000.0
1190,Sergio Camello,3000000.0
1191,Raúl de Tomás,700000.0
1192,Sergi Guardiola,500000.0
1193,Etienne Eto'o,200000.0
1194,Sergio Herrera,3000000.0
1195,Aitor Fernández,700000.0
1196,Pablo Valencia,200000.0
1197,Dimitrios Stamatakis,200000.0
1198,Rafa Fernández,25000.0
1199,Enzo Boyomo,20000000.0
1200,Jorge Herrando,4000000.0
1201,Alejandro Catena,3000000.0
1202,Unai García,800000.0
1203,Ismael Sierra,200000.0
1204,Abel Bretones,4000000.0
1205,Juan Cruz,1500000.0
1206,Jesús Areso,12000000.0
1207,Nacho Vidal,1800000.0
1208,Rubén Peña,1200000.0
1209,Iñigo Arguibide,200000.0
1210,Lucas Torró,3000000.0
1211,Iker Muñoz,3000000.0
1212,Jon Moncayola,7000000.0
1213,Pablo Ibáñez,2000000.0
1214,Asier Osambela,500000.0
1215,Jon García,300000.0
1216,Aimar Oroz,15000000.0
1217,Moi Gómez,2000000.0
1218,Javi Martínez,800000.0
1219,Bryan Zaragoza,12000000.0
1220,José Manuel Arnáiz,1500000.0
1221,Rubén García,2000000.0
1222,Iker Benito,1500000.0
1223,Kike Barja,1500000.0
1224,Ante Budimir,5000000.0
1225,Raúl García,3000000.0
1226,Sixtus Ogbuehi,200000.0
1227,Carlos Lumbreras,150000.0
1228,Edgar Badia,600000.0
1229,Miguel San Román,600000.0
1230,Matías Dituro,200000.0
1231,David Affengruber,5000000.0
1232,Bambo Diaby,800000.0
1233,John Donald,800000.0
1234,Matia Barzic,500000.0
1235,Pedro Bigas,450000.0
1236,Álex Martín,400000.0
1237,Mario Gaspar,300000.0
1238,José Salinas,3000000.0
1239,Jairo Izquierdo,600000.0
1240,Carlos Clerc,400000.0
1241,Álvaro Núñez,1500000.0
1242,Marc Aguado,1400000.0
1243,Cristian Salvador,750000.0
1244,Gerard Hernández,500000.0
1245,Aleix Febas,2200000.0
1246,Raúl Guti,1500000.0
1247,Rodrigo Mendoza,1000000.0
1248,Mario Guilabert,100000.0
1249,Luis Roldán,50000.0
1250,Nicolás Fernández Mercau,4000000.0
1251,Nicolás Castro,3500000.0
1252,Óscar Plano,500000.0
1253,Yago Santiago,800000.0
1254,Elbasan Rashani,600000.0
1255,Rafa Núñez,300000.0
1256,Pejiño,800000.0
1257,Josan,450000.0
1258,Héctor Peña,150000.0
1259,Adam Boayar,500000.0
1260,Ali Houary,150000.0
1261,Didac Castellá,25000.0
1262,Agustín Álvarez,4000000.0
1263,Mourad El Ghezouani,1400000.0
1264,Sory Kaba,1000000.0
1265,Andrés Fernández,250000.0
1266,Alfonso Pastor,200000.0
1267,Adrián Dela,1200000.0
1268,Unai Elgezabal,700000.0
1269,Jorge Cabello,700000.0
1270,Ignasi Miquel,600000.0
1271,Diego Pampín,1200000.0
1272,Marcos Navarro,300000.0
1273,Manu Sánchez,6000000.0
1274,Xavi Grande,200000.0
1275,Oriol Rey,1600000.0
1276,Sergio Lozano,1500000.0
1277,Ángel Algobia,800000.0
1278,Vicente Iborra,200000.0
1279,Giorgi Kochorashvili,5000000.0
1280,Pablo Martínez,2000000.0
1281,Carlos Álvarez,6000000.0
1282,Óscar Clemente,500000.0
1283,Roger Brugué,2000000.0
1284,Carlos Espí,2000000.0
1285,Iván Romero,1500000.0
1286,Fabri,1000000.0
1287,Álex Forés,700000.0
1288,Mohamed Bouldini,600000.0
1289,José Luis Morales,500000.0
1290,Dominik Greif,6000000.0
1291,Leo Román,5000000.0
1292,Iván Cuéllar,100000.0
1293,Pere García,50000.0
1294,Martin Valjent,6000000.0
1295,José Copete,3000000.0
1296,Siebe Van der Heyden,2500000.0
1297,Antonio Raíllo,1800000.0
1298,Sebas Wade,25000.0
1299,Johan Mojica,2000000.0
1300,Toni Lato,1800000.0
1301,Pablo Maffeo,5000000.0
1302,Mateu Morey,800000.0
1303,Samú Costa,15000000.0
1304,Omar Mascarell,900000.0
1305,Sergi Darder,4000000.0
1306,Manu Morlanes,2500000.0
1307,Antonio Sánchez,2500000.0
1308,Jan Salas,100000.0
1309,Daniel Luna,500000.0
1310,Javi Llabrés,800000.0
1311,Robert Navarro,6000000.0
1312,Takuma Asano,2500000.0
1313,Valery Fernández,2000000.0
1314,Vedat Muriqi,5000000.0
1315,Cyle Larin,3500000.0
1316,Abdón Prats,1200000.0
1317,Marc Domènech,1000000.0
1318,David Soria,3000000.0
1319,Jiri Letacek,2000000.0
1320,Jorge Benito,25000.0
1321,Omar Alderete,8000000.0
1322,Dakonam Djené,1800000.0
1323,Juan Berrocal,1500000.0
1324,Domingos Duarte,800000.0
1325,Nabil Aberdin,700000.0
1326,Luca Lohr,150000.0
1327,Guillem Trilla,25000.0
1328,Diego Rico,1200000.0
1329,David Argüelles,100000.0
1330,Gorka Rivera,100000.0
1331,Juan Iglesias,3500000.0
1332,Allan Nyom,300000.0
1333,Ismael Bekhoucha,300000.0
1334,Mauro Arambarri,12000000.0
1335,Luis Milla,3500000.0
1336,Carles Aleñá,2500000.0
1337,John Patrick,1200000.0
1338,Yellu Santiago,900000.0
1339,Alberto Risco,200000.0
1340,Coba da Costa,3000000.0
1341,Abdoulaye Keita,200000.0
1342,Álex Sola,2500000.0
1343,Carles Pérez,2000000.0
1344,Peter Federico,1200000.0
1345,Christantus Uche,15000000.0
1346,Borja Mayoral,7500000.0
1347,Álvaro Rodríguez,2500000.0
1348,Bertuğ Yıldırım,2000000.0
1349,Aarón Escandell,1000000.0
1350,Quentin Braat,500000.0
1351,Miguel Narváez,75000.0
1352,David Costas,1400000.0
1353,Dani Calvo,1200000.0
1354,Oier Luengo,1000000.0
1355,Marco Esteban,200000.0
1356,Jaime Vázquez,150000.0
1357,Rahim Alhassane,1200000.0
1358,Carlos Pomares,300000.0
1359,Omar Falah,50000.0
1360,Lucas Ahijado,800000.0
1361,Álvaro Lemos,500000.0
1362,Santiago Colombatto,3000000.0
1363,César de la Hoz,350000.0
1364,Jaime Seoane,2000000.0
1365,Carlos Dotor,1000000.0
1366,Kwasi Sibo,1000000.0
1367,Alberto del Moral,800000.0
1368,Santi Cazorla,200000.0
1369,Álex Cardero,400000.0
1370,Francisco Portillo,300000.0
1371,Ilyas Chaira,2500000.0
1372,Sebas Moyano,1600000.0
1373,Borja Sánchez,1000000.0
1374,Masca,800000.0
1375,Haissem Hassan,2500000.0
1376,Paulino de la Fuente,1400000.0
1377,Alemão,3500000.0
1378,Federico Viñas,2000000.0
1379,Daniel Paraschiv,1000000.0
1380,Santi Miguélez,150000.0
1381,Antonio Sivera,6000000.0
1382,Jesús Owono,900000.0
1383,Adrián Rodríguez,200000.0
1384,Grégoire Swiderski,150000.0
1385,Abdel Abqar,7500000.0
1386,Facundo Garcés,2000000.0
1387,Moussa Diarra,1800000.0
1388,Adrián Pica,1200000.0
1389,Aleksandar Sedlar,300000.0
1390,Eneko Ortiz,150000.0
1391,Nahuel Tenaglia,3000000.0
1392,Hugo Novoa,1500000.0
1393,Egoitz Muñoz,200000.0
1394,Alejandro Jay,150000.0
1395,Antonio Blanco,10000000.0
1396,Carlos Protesoni,1200000.0
1397,Ander Guevara,3500000.0
1398,Jon Guridi,3000000.0
1399,Joan Jordán,2500000.0
1400,Daouda Doumbia,200000.0
1401,Lander Pinillos,150000.0
1402,Tomás Conechny,1800000.0
1403,Abde Rebbach,700000.0
1404,Carlos Vicente,10000000.0
1405,Luka Romero,4000000.0
1406,Julen Lartitegi,50000.0
1407,Stoichkov,1500000.0
1408,Joaquín Panichelli,7000000.0
1409,Toni Martínez,2500000.0
1410,Asier Villalibre,1200000.0
1411,Kike García,900000.0
1412,Josep Martínez,12000000.0
1413,Yann Sommer,4000000.0
1414,Alessandro Calligaris,350000.0
1415,Raffaele Di Gennaro,300000.0
1416,Alessandro Bastoni,80000000.0
1417,Yann Bisseck,35000000.0
1418,Benjamin Pavard,25000000.0
1419,Stefan de Vrij,5000000.0
1420,Tomás Palacios,4000000.0
1421,Francesco Acerbi,3000000.0
1422,Christos Alexiou,800000.0
1423,Alessandro Fontanarosa,700000.0
1424,Gabriele Re Cecconi,700000.0
1425,Federico Dimarco,50000000.0
1426,Carlos Augusto,26000000.0
1427,Matteo Cocchi,1500000.0
1428,Matteo Motta,200000.0
1429,Denzel Dumfries,35000000.0
1430,Matteo Darmian,2500000.0
1431,Mike Aidoo,500000.0
1432,Hakan Çalhanoğlu,30000000.0
1433,Kristjan Asllani,13000000.0
1434,Mattia Zanchetta,450000.0
1435,Nicolò Barella,75000000.0
1436,Davide Frattesi,35000000.0
1437,Petar Sučić,14000000.0
1438,Piotr Zieliński,10000000.0
1439,Henrikh Mkhitaryan,4000000.0
1440,Thomas Berenbruch,1500000.0
1441,Luka Topalović,1500000.0
1442,Luis Henrique,25000000.0
1443,Nicola Zalewski,12000000.0
1444,Valentín Carboni,12000000.0
1445,Daniele Quieto,250000.0
1446,Giacomo De Pieri,1500000.0
1447,Sebastiano Esposito,8500000.0
1448,Joaquín Correa,3000000.0
1449,Lautaro Martínez,95000000.0
1450,Marcus Thuram,75000000.0
1451,Pio Esposito,25000000.0
1452,Mehdi Taremi,3500000.0
1453,Marko Arnautovic,3000000.0
1454,Matteo Spinaccè,750000.0
1455,Matteo Lavelli,350000.0
1456,Michele Di Gregorio,18000000.0
1457,Mattia Perin,2500000.0
1458,Giovanni Daffara,500000.0
1459,Carlo Pinsoglio,200000.0
1460,Giovanni Garofani,75000.0
1461,Bremer,50000000.0
1462,Pierre Kalulu,28000000.0
1463,Federico Gatti,24000000.0
1464,Daniele Rugani,3000000.0
1465,Javier Gil,1200000.0
1466,Juan Cabal,9000000.0
1467,Jonas Rouhi,2000000.0
1468,Riccardo Turicchia,700000.0
1469,Nicolò Savona,12000000.0
1470,Alberto Costa,10000000.0
1471,Manuel Locatelli,30000000.0
1472,Khéphren Thuram,40000000.0
1473,Douglas Luiz,30000000.0
1474,Weston McKennie,22000000.0
1475,Nicolò Fagioli,18000000.0
1476,Augusto Owusu,700000.0
1477,Timothy Weah,17000000.0
1478,Andrea Cambiaso,35000000.0
1479,Filip Kostić,5000000.0
1480,Filippo Pagnucco,850000.0
1481,Teun Koopmeiners,35000000.0
1482,Vasilije Adžić,4000000.0
1483,Christos Papadopoulos,700000.0
1484,Kenan Yıldız,50000000.0
1485,Samuel Mbangula,14000000.0
1486,Francisco Conceição,28000000.0
1487,Alessandro Pietrelli,800000.0
1488,Lorenzo Anghelè,700000.0
1489,Dušan Vlahović,35000000.0
1490,Randal Kolo Muani,30000000.0
1491,Arkadiusz Milik,2000000.0
1492,Diego Pugno,300000.0
1493,Mike Maignan,25000000.0
1494,Marco Sportiello,1000000.0
1495,Lorenzo Torriani,500000.0
1496,Noah Raveyre,300000.0
1497,Lapo Nava,100000.0
1498,Fikayo Tomori,20000000.0
1499,Malick Thiaw,18000000.0
1500,Strahinja Pavlović,18000000.0
1501,Matteo Gabbia,14000000.0
1502,Filippo Terracciano,3200000.0
1503,Theo Hernández,35000000.0
1504,Davide Bartesaghi,1800000.0
1505,Álex Jiménez,15000000.0
1506,Emerson Royal,9000000.0
1507,Davide Calabria,4500000.0
1508,Alessandro Florenzi,1000000.0
1509,Youssouf Fofana,30000000.0
1510,Ismaël Bennacer,15000000.0
1511,Silvano Vos,1400000.0
1512,Yunus Musah,20000000.0
1513,Ruben Loftus-Cheek,10000000.0
1514,Warren Bondo,10000000.0
1515,Kevin Zeroli,4000000.0
1516,Alexis Saelemaekers,17000000.0
1517,Mattia Liberali,4000000.0
1518,Hugo Cuenca,300000.0
1519,Rafael Leão,70000000.0
1520,Noah Okafor,13000000.0
1521,Riccardo Sottil,5000000.0
1522,Chaka Traorè,1000000.0
1523,Christian Pulisic,50000000.0
1524,Samuel Chukwueze,10000000.0
1525,Bob Murphy Omoregbe,100000.0
1526,Santiago Gimenez,30000000.0
1527,Tammy Abraham,15000000.0
1528,Álvaro Morata,11000000.0
1529,Francesco Camarda,10000000.0
1530,Luka Jović,4500000.0
1531,Alex Meret,18000000.0
1532,Elia Caprile,9000000.0
1533,Simone Scuffet,2000000.0
1534,Nikita Contini,400000.0
1535,Claudio Turi,150000.0
1536,Alessandro Buongiorno,50000000.0
1537,Amir Rrahmani,12000000.0
1538,Rafa Marín,7000000.0
1539,Juan Jesus,1500000.0
1540,Mattia Esposito,75000.0
1541,Mathías Olivera,20000000.0
1542,Leonardo Spinazzola,3500000.0
1543,Giovanni Di Lorenzo,12000000.0
1544,Pasquale Mazzocchi,2500000.0
1545,Stanislav Lobotka,25000000.0
1546,Francesco Gioielli,75000.0
1547,Frank Anguissa,27000000.0
1548,Michael Folorunsho,6000000.0
1549,Luis Hasa,1000000.0
1550,Gennaro Iaccarino,300000.0
1551,Coli Saco,250000.0
1552,Alessio Zerbin,4000000.0
1553,Francesco Mezzoni,200000.0
1554,Gianluca Gaetano,4000000.0
1555,Khvicha Kvaratskhelia,90000000.0
1556,David Neres,30000000.0
1557,Matteo Politano,10000000.0
1558,Cyril Ngonge,8000000.0
1559,Giacomo Raspadori,25000000.0
1560,Romelu Lukaku,22000000.0
1561,Giovanni Simeone,5000000.0
1562,Mile Svilar,25000000.0
1563,Mathew Ryan,2500000.0
1564,Pierluigi Gollini,1000000.0
1565,Renato Marin,500000.0
1566,Evan Ndicka,30000000.0
1567,Gianluca Mancini,15000000.0
1568,Victor Nelsson,10000000.0
1569,Mario Hermoso,7000000.0
1570,Mats Hummels,2000000.0
1571,Chris Smalling,1500000.0
1572,Angeliño,20000000.0
1573,Anass Salah-Eddine,8000000.0
1574,Samuel Dahl,7000000.0
1575,Devyne Rensch,10000000.0
1576,Zeki Çelik,6000000.0
1577,Saud Abdulhamid,3000000.0
1578,Buba Sangaré,1000000.0
1579,Lucas Gourna-Douath,8000000.0
1580,Bryan Cristante,7000000.0
1581,Leandro Paredes,5000000.0
1582,Alessandro Romano,500000.0
1583,Manu Koné,40000000.0
1584,Niccolò Pisilli,13000000.0
1585,Edoardo Bove,5000000.0
1586,Tommaso Baldanzi,12000000.0
1587,Lorenzo Pellegrini,9000000.0
1588,Stephan El Shaarawy,3500000.0
1589,Matías Soulé,30000000.0
1590,João Costa,2800000.0
1591,Paulo Dybala,8000000.0
1592,Artem Dovbyk,30000000.0
1593,Eldor Shomurodov,5000000.0
1594,Marco Carnesecchi,25000000.0
1595,Rui Patrício,800000.0
1596,Paolo Vismara,700000.0
1597,Matevz Dajcar,100000.0
1598,Francesco Rossi,100000.0
1599,Giorgio Scalvini,35000000.0
1600,Isak Hien,30000000.0
1601,Odilon Kossounou,25000000.0
1602,Stefan Posch,8000000.0
1603,Sead Kolasinac,7000000.0
1604,Ben Godfrey,6000000.0
1605,Berat Djimsiti,6000000.0
1606,Rafael Tolói,1400000.0
1607,Relja Obric,800000.0
1608,Tommaso Del Lungo,500000.0
1609,Pietro Comi,250000.0
1610,Pietro Tornaghi,200000.0
1611,Matteo Ruggeri,16000000.0
1612,Marco Palestra,3500000.0
1613,Ibrahim Sulemana,7000000.0
1614,Marten de Roon,5000000.0
1615,Éderson,50000000.0
1616,Mario Pašalić,10000000.0
1617,Marco Brescianini,8000000.0
1618,Lorenzo Riccio,950000.0
1619,Alberto Manzoni,900000.0
1620,Raoul Bellanova,24000000.0
1621,Davide Zappacosta,5000000.0
1622,Juan Cuadrado,1000000.0
1623,Javison Idele,400000.0
1624,Mitchel Bakker,7000000.0
1625,Lorenzo Bernasconi,800000.0
1626,Charles De Ketelaere,35000000.0
1627,Lazar Samardžić,17000000.0
1628,Nicolò Zaniolo,12000000.0
1629,Daniel Maldini,10000000.0
1630,Federico Cassa,800000.0
1631,Ademola Lookman,60000000.0
1632,Dominic Vavassori,1500000.0
1633,Mateo Retegui,45000000.0
1634,Gianluca Scamacca,24000000.0
1635,Vanja Vlahović,6000000.0
1636,Jean Butez,3500000.0
1637,Emil Audero,3200000.0
1638,Pepe Reina,500000.0
1639,Mauro Vigorito,150000.0
1640,Pierre Bolchini,50000.0
1641,Alberto Dossena,8000000.0
1642,Marc Oliver Kempf,3000000.0
1643,Edoardo Goldaniga,3000000.0
1644,Fellipe Jack,1400000.0
1645,Tommaso Cassandro,700000.0
1646,Federico Barba,500000.0
1647,William Feola,75000.0
1648,Alessio Chiesa,75000.0
1649,Sven Lesjak,50000.0
1650,Alberto Moreno,1500000.0
1651,Marco Sala,900000.0
1652,Ignace Van der Brempt,4000000.0
1653,Mërgim Vojvoda,3000000.0
1654,Ivan Smolcic,1800000.0
1655,Máximo Perrone,12000000.0
1656,Yannik Engelhardt,6000000.0
1657,Oliver Abildgaard,1000000.0
1658,Maxence Caqueret,16000000.0
1659,Lucas Da Cunha,10000000.0
1660,Luca Mazzitelli,1500000.0
1661,Sergi Roberto,1500000.0
1662,Matthias Braunöder,1400000.0
1663,Ben Lhassine Kone,500000.0
1664,Daniele Baselli,300000.0
1665,Giuseppe Mazzaglia,250000.0
1666,Alessio Iovine,400000.0
1667,Nico Paz,35000000.0
1668,Dele Alli,2000000.0
1669,Simone Verdi,1500000.0
1670,Naj Razi,300000.0
1671,Alieu Fadera,4500000.0
1672,Ali Jasim,550000.0
1673,Jonathan Ikoné,7000000.0
1674,Gabriel Strefezza,6000000.0
1675,Federico Chinetti,175000.0
1676,Patrick Cutrone,6000000.0
1677,Iván Azón,3000000.0
1678,Andrea Belotti,2000000.0
1679,Nicholas Gioacchini,1300000.0
1680,Alberto Cerri,1000000.0
1681,Alessandro Gabrielloni,850000.0
1682,Lukasz Skorupski,2500000.0
1683,Federico Ravaglia,1500000.0
1684,Nicola Bagnolini,200000.0
1685,Sam Beukema,28000000.0
1686,Jhon Lucumí,22000000.0
1687,Nicolò Casale,6000000.0
1688,Martin Erlić,4000000.0
1689,Mihajlo Ilić,3500000.0
1690,Juan Miranda,15000000.0
1691,Tommaso Corazza,1500000.0
1692,Charalampos Lykogiannis,1500000.0
1693,Emil Holm,8000000.0
1694,Lorenzo De Silvestri,800000.0
1695,Nikola Moro,4500000.0
1696,Oussama El Azzouzi,1400000.0
1697,Andri Fannar Baldursson,600000.0
1698,Lewis Ferguson,28000000.0
1699,Tommaso Pobega,9000000.0
1700,Michel Aebischer,7500000.0
1701,Remo Freuler,5000000.0
1702,Naïm Byar,500000.0
1703,Samuel Iling-Junior,10000000.0
1704,Jens Odgaard,12000000.0
1705,Giovanni Fabbian,12000000.0
1706,Kacper Urbański,6000000.0
1707,Benja Domínguez,15000000.0
1708,Nicolò Cambiaghi,8500000.0
1709,Jesper Karlsson,4000000.0
1710,Estanis Pedrola,1800000.0
1711,Tommaso Ravaglioli,650000.0
1712,Flavio Ferrari,200000.0
1713,Dan Ndoye,35000000.0
1714,Riccardo Orsolini,25000000.0
1715,Santiago Castro,35000000.0
1716,Thijs Dallinga,12000000.0
1717,David de Gea,5000000.0
1718,Tommaso Martinelli,1800000.0
1719,Pietro Terracciano,1000000.0
1720,Pietro Leonardelli,125000.0
1721,Pietro Comuzzo,25000000.0
1722,Luca Ranieri,12000000.0
1723,Marin Pongracic,10000000.0
1724,Lucas Martínez Quarta,7000000.0
1725,Nicolás Valentini,6000000.0
1726,Pablo Marí,3500000.0
1727,Matías Moreno,3400000.0
1728,Eddy Kouadio,275000.0
1729,Leonardo Baroncelli,200000.0
1730,Lorenzo Romani,125000.0
1731,Niccolò Fortini,8500000.0
1732,Robin Gosens,8000000.0
1733,Fabiano Parisi,6000000.0
1734,Cristiano Biraghi,1800000.0
1735,Dodô,24000000.0
1736,Sofyan Amrabat,17000000.0
1737,Rolando Mandragora,12000000.0
1738,Yacine Adli,11000000.0
1739,Danilo Cataldi,3500000.0
1740,Amir Richardson,8500000.0
1741,Alessandro Bianco,5000000.0
1742,Cher Ndour,5000000.0
1743,Gino Infantino,2000000.0
1744,Jonas Harder,900000.0
1745,Andrea Colpani,9500000.0
1746,Antonín Barák,2500000.0
1747,Tommaso Rubino,1200000.0
1748,Josip Brekalo,3300000.0
1749,Maat Daniel Caprini,2000000.0
1750,Albert Gudmundsson,18000000.0
1751,Moise Kean,50000000.0
1752,Lucas Beltrán,18000000.0
1753,Christian Kouamé,4000000.0
1754,Christos Mandas,10000000.0
1755,Ivan Provedel,3000000.0
1756,Davide Renzetti,100000.0
1757,Alessio Furlanetto,50000.0
1758,Mario Gila,30000000.0
1759,Alessio Romagnoli,7000000.0
1760,Oliver Provstgaard,3500000.0
1761,Samuel Gigot,3000000.0
1762,Patric,2500000.0
1763,Filipe Bordon,800000.0
1764,Matteo Zazza,375000.0
1765,Nuno Tavares,25000000.0
1766,Luca Pellegrini,3000000.0
1767,Alessandro Milani,250000.0
1768,Manuel Lazzari,3500000.0
1769,Adam Marusic,3500000.0
1770,Elseid Hysaj,1500000.0
1771,Nicolò Rovella,30000000.0
1772,Reda Belahyane,10000000.0
1773,Marco Nazzaro,125000.0
1774,Mattéo Guendouzi,32000000.0
1775,Matías Vecino,2000000.0
1776,Gaetano Castrovilli,1500000.0
1777,Toma Bašić,800000.0
1778,Jean-Daniel Akpa Akpro,500000.0
1779,Cristo Muñoz,250000.0
1780,Leonardo Di Tommaso,225000.0
1781,Fisayo Dele-Bashiru,7500000.0
1782,Arijon Ibrahimovic,4000000.0
1783,André Anderson,150000.0
1784,Mattia Zaccagni,20000000.0
1785,Gustav Isaksen,20000000.0
1786,Loum Tchaouna,10000000.0
1787,Tijjani Noslin,7500000.0
1788,Pedro,1000000.0
1789,Taty Castellanos,25000000.0
1790,Boulaye Dia,15000000.0
1791,Federico Serra,450000.0
1792,Mahamadou Baldé,325000.0
1793,Giacomo Satalino,400000.0
1794,Alessandro Russo,300000.0
1795,Andrea Consigli,250000.0
1796,Alessandro Scacchetti,150000.0
1797,Tarik Muharemović,7000000.0
1798,Matteo Lovato,3000000.0
1799,Cas Odenthal,2800000.0
1800,Filippo Romagna,800000.0
1801,Kevin Bonifazi,750000.0
1802,Tijs Velthuis,700000.0
1803,Kevin Miranda,350000.0
1804,Stefano Piccinini,250000.0
1805,Josh Doig,5000000.0
1806,Edoardo Pieragnolo,2400000.0
1807,Jeremy Toljan,2400000.0
1808,Filippo Missori,1300000.0
1809,Yeferson Paz,450000.0
1810,Daniel Boloca,7500000.0
1811,Uros Racic,3500000.0
1812,Luca Lipani,3500000.0
1813,Andrea Ghion,900000.0
1814,Kristian Thorstvedt,9000000.0
1815,Fabrizio Caligara,900000.0
1816,Justin Kumi,750000.0
1817,Edoardo Iannoni,750000.0
1818,Kevin Leone,600000.0
1819,Pedro Obiang,450000.0
1820,Cristian Volpato,6500000.0
1821,Nedim Bajrami,3000000.0
1822,Borna Knezovic,800000.0
1823,Kevin Bruno,600000.0
1824,Armand Laurienté,15000000.0
1825,Domenico Berardi,8000000.0
1826,Nicholas Pierini,3000000.0
1827,Luca D'Andrea,600000.0
1828,Samuele Mulattieri,4000000.0
1829,Laurs Skjellerup,2800000.0
1830,Janis Antiste,2000000.0
1831,Luca Moro,2000000.0
1832,Flavio Russo,800000.0
1833,Zion Suzuki,20000000.0
1834,Edoardo Corvi,350000.0
1835,Leandro Chichizola,250000.0
1836,Richard Marcone,250000.0
1837,Manuel Moretta,10000.0
1838,Giovanni Leoni,18000000.0
1839,Alessandro Circati,8000000.0
1840,Alessandro Vogliacco,2800000.0
1841,Botond Balogh,2400000.0
1842,Yordan Osorio,1500000.0
1843,Lautaro Valenti,1500000.0
1844,Nicolas Trabucchi,250000.0
1845,Mathias Løvik,5000000.0
1846,Emanuele Valeri,3000000.0
1847,Gianluca Di Chiara,250000.0
1848,Enrico Delprato,6500000.0
1849,Woyo Coulibaly,2000000.0
1850,Antoine Hainaut,1000000.0
1851,Mandela Keita,12000000.0
1852,Nahuel Estévez,2000000.0
1853,Adrián Bernabé,15000000.0
1854,Simon Sohm,5000000.0
1855,Hernani,1600000.0
1856,Drissa Camara,1500000.0
1857,Wylan Cyprien,300000.0
1858,Elia Plicco,250000.0
1859,Jacob Ondrejka,8000000.0
1860,Adrian Benedyczak,4500000.0
1861,Valentin Mihăilă,3000000.0
1862,Dennis Man,10000000.0
1863,Matteo Cancellieri,4500000.0
1864,Pontus Almqvist,2500000.0
1865,Anas Haj Mohamed,1800000.0
1866,Anthony Partipilo,500000.0
1867,Ange-Yoan Bonny,20000000.0
1868,Mateo Pellegrino,6000000.0
1869,Milan Djuric,1500000.0
1870,Gabriel Charpentier,1300000.0
1871,Daniel Mikolajewski,500000.0
1872,Mateusz Kowalski,300000.0
1873,Maduka Okoye,7500000.0
1874,Răzvan Sava,2500000.0
1875,Egil Selvik,1500000.0
1876,Marco Silvestri,500000.0
1877,Daniele Padelli,150000.0
1878,Edoardo Piana,50000.0
1879,Oumar Solet,18000000.0
1880,Jaka Bijol,18000000.0
1881,Nehuén Pérez,13000000.0
1882,Isaak Touré,7000000.0
1883,Thomas Kristensen,6000000.0
1884,Enzo Ebosse,2000000.0
1885,Lautaro Giannetti,2000000.0
1886,James Abankwah,1000000.0
1887,Matteo Palma,1000000.0
1888,Christian Kabasele,700000.0
1889,Axel Guessand,400000.0
1890,Jordan Zemura,4500000.0
1891,Hassane Kamara,3500000.0
1892,Festy Ebosele,4600000.0
1893,Kingsley Ehizibue,2400000.0
1894,Rui Modesto,2000000.0
1895,Gonçalo Esteves,500000.0
1896,Jesper Karlström,4000000.0
1897,Sandi Lovrić,8500000.0
1898,Arthur Atta,8000000.0
1899,Jurgen Ekkelenkamp,7000000.0
1900,Martín Payero,5500000.0
1901,Oier Zarraga,2000000.0
1902,Simone Pafundi,5000000.0
1903,David Pejičić,1000000.0
1904,Florian Thauvin,5000000.0
1905,Lorenzo Lucca,22000000.0
1906,Brenner,4000000.0
1907,Keinan Davis,3400000.0
1908,Damián Pizarro,3200000.0
1909,Iker Bravo,3000000.0
1910,Alexis Sánchez,1500000.0
1911,Vanja Milinković-Savić,16000000.0
1912,Mihai Popa,650000.0
1913,Alberto Paleari,500000.0
1914,Francesco Plaia,200000.0
1915,Antonio Donnarumma,200000.0
1916,Saúl Coco,10000000.0
1917,Perr Schuurs,5000000.0
1918,Guillermo Maripán,4000000.0
1919,Alessandro Dellavalle,3000000.0
1920,Saba Sazonov,2000000.0
1921,Adam Masina,1500000.0
1922,Senan Mullen,175000.0
1923,Borna Sosa,4500000.0
1924,Sebastian Walukiewicz,4500000.0
1925,Marcus Pedersen,3000000.0
1926,Ali Dembélé,900000.0
1927,Brian Bayeye,300000.0
1928,Côme Bianay Balcot,175000.0
1929,Samuele Ricci,30000000.0
1930,Adrien Tamèze,2000000.0
1931,Ivan Ilić,16000000.0
1932,Gvidas Gineitis,6000000.0
1933,Karol Linetty,1800000.0
1934,Emirhan İlkhan,1700000.0
1935,Aaron Ciammaglichella,700000.0
1936,Marco Dalla Vecchia,250000.0
1937,Valentino Lazaro,4500000.0
1938,Edoardo Zaia,100000.0
1939,Eljif Elmas,14000000.0
1940,Nikola Vlašić,8000000.0
1941,Sergiu Perciun,1500000.0
1942,Krisztofer Horváth,1000000.0
1943,Alieu Njie,2500000.0
1944,Yann Karamoh,1800000.0
1945,Alessio Cacciamani,500000.0
1946,Zanos Savva,900000.0
1947,Ché Adams,15000000.0
1948,Duván Zapata,3500000.0
1949,Antonio Sanabria,2800000.0
1950,Pietro Pellegri,2000000.0
1951,Amine Salama,1500000.0
1952,Tommaso Gabellini,800000.0
1953,Alessio Raballo,25000.0
1954,Nicola Leali,1500000.0
1955,Benjamin Siegrist,650000.0
1956,Franz Stolz,250000.0
1957,Daniele Sommariva,100000.0
1958,Koni De Winter,22000000.0
1959,Johan Vásquez,14000000.0
1960,Alan Matturro,7000000.0
1961,Honest Ahanor,5000000.0
1962,Alessandro Marcandalli,2000000.0
1963,Sebastian Otoa,2000000.0
1964,Mattia Bani,1800000.0
1965,Matteo Barbini,500000.0
1966,Tommaso Pittino,150000.0
1967,Aarón Martín,6500000.0
1968,Alessandro Zanoli,6000000.0
1969,Brooke Norton-Cuffy,3500000.0
1970,Stefano Sabelli,1400000.0
1971,Morten Frendrup,20000000.0
1972,Jean Onana,1800000.0
1973,Emil Bohinen,1500000.0
1974,Milan Badelj,800000.0
1975,Fabio Miretti,14000000.0
1976,Patrizio Masini,6000000.0
1977,Morten Thorsby,3000000.0
1978,Lior Kassa,1500000.0
1979,Filippo Melegoni,700000.0
1980,Ruslan Malinovskyi,2500000.0
1981,Gastón Pereiro,500000.0
1982,Filippo Carbone,200000.0
1983,Maxwel Cornet,8000000.0
1984,Federico Accornero,400000.0
1985,Junior Messias,1500000.0
1986,Lorenzo Venturino,1500000.0
1987,Seydou Fini,1300000.0
1988,Andrea Pinamonti,15000000.0
1989,Vitinha,80000000.0
1990,Jeff Ekhator,5000000.0
1991,Caleb Ekuban,1300000.0
1992,David Ankeye,850000.0
1993,Mario Balotelli,500000.0
1994,Ifenna Dorgu,300000.0
1995,Lysandros Papastylianou,50000.0
1996,Alen Sherri,1000000.0
1997,Velizar-Iliya Iliev,200000.0
1998,Giuseppe Ciocci,100000.0
1999,Henrijs Auseklis,75000.0
2000,Sebastiano Luperto,4000000.0
2001,Pantelis Hatzidiakos,3200000.0
2002,Yerry Mina,3000000.0
2003,Adam Obert,3000000.0
2004,Mateusz Wieteska,2000000.0
2005,José Luis Palomino,700000.0
2006,Nicola Pintus,400000.0
2007,Andrea Cogoni,400000.0
2008,Tommaso Augello,1800000.0
2009,Nadir Zortea,5000000.0
2010,Gabriele Zappa,4000000.0
2011,Alessandro Di Pardo,800000.0
2012,Matteo Prati,6000000.0
2013,Antoine Makoumbou,3500000.0
2014,Michel Adopo,4000000.0
2015,Răzvan Marin,3500000.0
2016,Alessandro Deiola,1600000.0
2017,Paulo Azzi,800000.0
2018,Jakub Jankto,800000.0
2019,Nicolas Viola,1000000.0
2020,Florinel Coman,5000000.0
2021,Mattia Felici,2800000.0
2022,Alessandro Vinciguerra,400000.0
2023,Roberto Piccoli,12000000.0
2024,Zito Luvumbo,5000000.0
2025,Gianluca Lapadula,750000.0
2026,Leonardo Pavoletti,700000.0
2027,Kingstone Mutandwa,600000.0
2028,Adrian Semper,3500000.0
2029,Leonardo Loria,250000.0
2030,Alessandro Livieri,200000.0
2031,Nícolas,100000.0
2032,Simone Canestrelli,7000000.0
2033,Giovanni Bonfanti,3000000.0
2034,Adrian Rus,1200000.0
2035,Arturo Calabresi,700000.0
2036,Antonio Caracciolo,500000.0
2037,Alessio Castellini,500000.0
2038,Andrea Primasso,150000.0
2039,Motiejus Šapola,25000.0
2040,Leonardo Sernicola,1800000.0
2041,Pietro Beruatto,1500000.0
2042,Christian Sussi,100000.0
2043,Marius Marin,3000000.0
2044,Malthe Højholt,1200000.0
2045,Žan Jevšenak,850000.0
2046,Gabriele Piccinini,4500000.0
2047,Markus Solbakken,2500000.0
2048,Mattia Leoncini,100000.0
2049,Miha Trdan,50000.0
2050,Idrissa Touré,4000000.0
2051,Tomás Esteves,2300000.0
2052,Samuele Angori,5500000.0
2053,Matteo Tramoni,7000000.0
2054,Riccardo Bassanini,125000.0
2055,Olimpiu Moruțan,2400000.0
2056,Mehdi Léris,2200000.0
2057,Alessandro Arena,750000.0
2058,Emanuel Vignato,500000.0
2059,Adrian Raychev,100000.0
2060,Alexander Lind,5500000.0
2061,Henrik Meister,2800000.0
2062,Jan Mlakar,2000000.0
2063,Nicholas Bonfanti,2000000.0
2064,Stefano Moreo,1500000.0
2065,Louis Buffon,800000.0
2066,Lorenzo Tosi,275000.0
2067,Tommaso Ferrari,200000.0
2068,Wladimiro Falcone,3500000.0
2069,Christian Früchtl,1300000.0
2070,Alexandru Borbei,100000.0
2071,Jasper Samooja,75000.0
2072,Federico Baschirotto,3600000.0
2073,Gaspar,3500000.0
2074,Andy Pelmard,2000000.0
2075,Gaby Jean,2000000.0
2076,Tiago Gabriel,1000000.0
2077,Elijah Scott,300000.0
2078,Cristian Pehlivanov,200000.0
2079,Sebastian Esposito,200000.0
2080,Antonino Gallo,4300000.0
2081,Vernon Addo,200000.0
2082,Valentin Gendrey,7000000.0
2083,Frédéric Guilbert,2500000.0
2084,Danilo Veiga,1000000.0
2085,Ylber Ramadani,1800000.0
2086,Balthazar Pierret,1700000.0
2087,Thórir Jóhann Helgason,3000000.0
2088,Lassana Coulibaly,2500000.0
2089,Mohamed Kaba,2000000.0
2090,Medon Berisha,1500000.0
2091,Hamza Rafia,1400000.0
2092,Joan González,800000.0
2093,Ed McJannet,150000.0
2094,Filip Marchwinski,3000000.0
2095,Rémi Oudin,1500000.0
2096,Lameck Banda,4500000.0
2097,Tete Morente,2000000.0
2098,Ante Rebić,1000000.0
2099,Nicola Sansone,400000.0
2100,Santiago Pierotti,4000000.0
2101,Konan N’Dri,1400000.0
2102,Jeppe Corfitzen,250000.0
2103,Dario Daka,100000.0
2104,Nikola Krstović,15000000.0
2105,Rareș Burnete,700000.0
2106,Joel Voelkerling Persson,300000.0
2107,Lorenzo Montipò,2000000.0
2108,Simone Perilli,400000.0
2109,Federico Magro,300000.0
2110,Alessandro Berardi,50000.0
2111,Diego Coppola,10000000.0
2112,Daniele Ghilardi,5000000.0
2113,Flavius Daniliuc,2700000.0
2114,Paweł Dawidowicz,2500000.0
2115,Tobias Slotsager,2000000.0
2116,Giangiacomo Magnani,1800000.0
2117,Luan Patrick,1000000.0
2118,Yllan Okou,800000.0
2119,Christian Corradi,700000.0
2120,Federico Ceccherini,400000.0
2121,Karlson Nwanege,200000.0
2122,Domagoj Bradarić,4000000.0
2123,Martin Frese,2000000.0
2124,Jackson Tchatchoua,8000000.0
2125,Davide Faraoni,800000.0
2126,Daniel Oyegoke,500000.0
2127,Cheikh Niasse,2500000.0
2128,Suat Serdar,4500000.0
2129,Ondrej Duda,3500000.0
2130,Dani Silva,2500000.0
2131,Antoine Bernede,2500000.0
2132,Abdou Harroui,1800000.0
2133,Grigoris Kastanos,1500000.0
2134,Darko Lazović,800000.0
2135,Tomas Suslov,6000000.0
2136,Ayanda Sishuba,1500000.0
2137,Alphadjo Cissè,1000000.0
2138,Stefan Mitrović,1500000.0
2139,Faride Alidou,1000000.0
2140,Elayis Tavsan,1200000.0
2141,Casper Tengstedt,6000000.0
2142,Amin Sarr,5000000.0
2143,Daniel Mosquera,1500000.0
2144,Mathis Lambourde,800000.0
2145,Dailon Livramento,800000.0
2146,Junior Ajayi,300000.0
2147,Andreas Jungdal,1500000.0
2148,Andrea Fulignati,1200000.0
2149,Jakob Tånnander,700000.0
2150,Giacomo Drago,300000.0
2151,Gianluca Saro,300000.0
2152,Francesco Tommasi,125000.0
2153,Valentin Antov,2500000.0
2154,Luca Ravanelli,1600000.0
2155,Francesco Folino,700000.0
2156,Luka Lochoshvili,500000.0
2157,Matteo Bianchetti,400000.0
2158,Lorenzo Moretti,250000.0
2159,Denis Prendi,200000.0
2160,Maissa Ndiaye,100000.0
2161,Giacomo Quagliata,1200000.0
2162,Tommaso Barbieri,2500000.0
2163,Daniele Triacca,125000.0
2164,Charles Pickel,2400000.0
2165,Michele Castagnetti,350000.0
2166,Jari Vandeputte,3200000.0
2167,Michele Collocolo,3000000.0
2168,Mattia Valoti,900000.0
2169,Tommaso Milanese,600000.0
2170,Zan Majer,300000.0
2171,Andrea Bertolacci,200000.0
2172,Dachi Lordkipanidze,100000.0
2173,Franco Vázquez,750000.0
2174,Francesco Gelli,700000.0
2175,César Falletti,500000.0
2176,Dennis Johnsen,3500000.0
2177,Cristian Buonaiuto,350000.0
2178,Luca Zanimacchia,1200000.0
2179,Manuel De Luca,2000000.0
2180,Marco Nasti,2000000.0
2181,Giacomo Gabbiani,1000000.0
2182,Federico Bonazzoli,1000000.0
2183,Frank Tsadjout,500000.0
2184,David Stückler,500000.0
2185,Jonas Urbig,12000000.0
2186,Manuel Neuer,4000000.0
2187,Daniel Peretz,3000000.0
2188,Max Schmitt,700000.0
2189,Sven Ulreich,500000.0
2190,Anthony Pavlesic,150000.0
2191,Dayot Upamecano,50000000.0
2192,Min-jae Kim,40000000.0
2193,Jonathan Tah,30000000.0
2194,Hiroki Ito,25000000.0
2195,Eric Dier,8000000.0
2196,Tarek Buchmann,500000.0
2197,Alphonso Davies,50000000.0
2198,Raphaël Guerreiro,8000000.0
2199,Adam Aznou,4000000.0
2200,Josip Stanisic,32000000.0
2201,Konrad Laimer,25000000.0
2202,Sacha Boey,18000000.0
2203,Aleksandar Pavlovic,55000000.0
2204,Joshua Kimmich,45000000.0
2205,João Palhinha,30000000.0
2206,Noel Aseko,700000.0
2207,Tom Bischof,30000000.0
2208,Leon Goretzka,22000000.0
2209,Jamal Musiala,140000000.0
2210,Maurice Krattenmacher,3500000.0
2211,Jonathan Asp Jensen,1500000.0
2212,Lennart Karl,1500000.0
2213,Kingsley Coman,30000000.0
2214,Gabriel Vidovic,3000000.0
2215,Michael Olise,100000000.0
2216,Leroy Sané,32000000.0
2217,Nestory Irankunda,4000000.0
2218,Serge Gnabry,22000000.0
2219,Thomas Müller,6000000.0
2220,Harry Kane,75000000.0
2221,Jonah Kusi-Asare,2500000.0
2222,Gregor Kobel,40000000.0
2223,Alexander Meyer,800000.0
2224,Marcel Lotka,800000.0
2225,Silas Ostrzinski,200000.0
2226,Nico Schlotterbeck,40000000.0
2227,Waldemar Anton,18000000.0
2228,Niklas Süle,8000000.0
2229,Soumaïla Coulibaly,8000000.0
2230,Ramy Bensebaini,7000000.0
2231,Emre Can,7000000.0
2232,Yannik Lührs,600000.0
2233,Filippo Mane,600000.0
2234,David Lelle,200000.0
2235,Daniel Svensson,12000000.0
2236,Almugera Kabar,1000000.0
2237,Julian Ryerson,20000000.0
2238,Niklas Jessen,225000.0
2239,Salih Özcan,4000000.0
2240,Ayman Azhil,700000.0
2241,Felix Nmecha,28000000.0
2242,Marcel Sabitzer,8000000.0
2243,Pascal Groß,5000000.0
2244,Kjell Wätjen,2500000.0
2245,Yan Couto,20000000.0
2246,Julian Brandt,25000000.0
2247,Giovanni Reyna,7000000.0
2248,Jamie Gittens,50000000.0
2249,Julien Duranville,8500000.0
2250,Rodney Elongo-Yombo,400000.0
2251,Karim Adeyemi,45000000.0
2252,Cole Campbell,1500000.0
2253,Serhou Guirassy,45000000.0
2254,Maximilian Beier,25000000.0
2255,Sébastien Haller,3000000.0
2256,Jordi Paulina,250000.0
2257,Maarten Vandevoordt,8000000.0
2258,Péter Gulácsi,2000000.0
2259,Leopold Zingerle,400000.0
2260,Castello Lukeba,40000000.0
2261,Mohamed Simakan,23000000.0
2262,El Chadaille Bitshiabu,18000000.0
2263,Willi Orbán,8000000.0
2264,Lukas Klostermann,8000000.0
2265,David Raum,20000000.0
2266,Lutsharel Geertruida,20000000.0
2267,Benjamin Henrichs,15000000.0
2268,Ridle Baku,9000000.0
2269,Nicolas Seiwald,18000000.0
2270,Amadou Haidara,16000000.0
2271,Xaver Schlager,10000000.0
2272,Assan Ouédraogo,7000000.0
2273,Kevin Kampl,2500000.0
2274,Xavi Simons,70000000.0
2275,Christoph Baumgartner,12000000.0
2276,Viggo Gebel,350000.0
2277,Nuha Jatta,250000.0
2278,Faik Sakar,200000.0
2279,Antonio Nusa,28000000.0
2280,Tidiam Gomis,3000000.0
2281,Benjamin Sesko,70000000.0
2282,Loïs Openda,50000000.0
2283,Yussuf Poulsen,5000000.0
2284,André Silva,4000000.0
2285,Matej Kovar,5000000.0
2286,Lukas Hradecky,2000000.0
2287,Niklas Lomb,250000.0
2288,Piero Hincapié,50000000.0
2289,Edmond Tapsoba,35000000.0
2290,Jeanuël Belocian,15000000.0
2291,Alejandro Grimaldo,30000000.0
2292,Jeremie Frimpong,50000000.0
2293,Nordi Mukiele,10000000.0
2294,Arthur,7000000.0
2295,Granit Xhaka,12000000.0
2296,Robert Andrich,9000000.0
2297,Exequiel Palacios,40000000.0
2298,Aleix García,20000000.0
2299,Florian Wirtz,140000000.0
2300,Jonas Hofmann,2000000.0
2301,Francis Onyeka,500000.0
2302,Amine Adli,18000000.0
2303,Martin Terrier,17000000.0
2304,Nathan Tella,15000000.0
2305,Victor Boniface,40000000.0
2306,Patrik Schick,27000000.0
2307,Artem Stepanov,800000.0
2308,Alejo Sarco,800000.0
2309,Kevin Trapp,2500000.0
2310,Kauã Santos,2500000.0
2311,Nils Ramming,300000.0
2312,Jens Grahl,200000.0
2313,Yuriy Obert,50000.0
2314,Arthur Theate,24000000.0
2315,Robin Koch,18000000.0
2316,Tuta,15000000.0
2317,Nnamdi Collins,10000000.0
2318,Aurèle Amenda,7500000.0
2319,Nathaniel Brown,22000000.0
2320,Niels Nkounkou,3500000.0
2321,Rasmus Kristensen,14000000.0
2322,Timothy Chandler,350000.0
2323,Ellyes Skhiri,7500000.0
2324,Eba Bekir Is,500000.0
2325,Noah Fenyő,350000.0
2326,Hugo Larsson,40000000.0
2327,Oscar Højlund,7500000.0
2328,Mahmoud Dahoud,3500000.0
2329,Junior Dina Ebimbe,6000000.0
2330,Can Uzun,18000000.0
2331,Farès Chaïbi,9000000.0
2332,Mario Götze,4000000.0
2333,Krisztián Lisztes,2000000.0
2334,Jean-Mattéo Bahoya,17000000.0
2335,Ansgar Knauff,15000000.0
2336,Hugo Ekitiké,75000000.0
2337,Elye Wahi,22000000.0
2338,Igor Matanovic,5000000.0
2339,Michy Batshuayi,4000000.0
2340,Alexander Nübel,12000000.0
2341,Dennis Seimen,2500000.0
2342,Fabian Bredlow,800000.0
2343,Stefan Drljaca,325000.0
2344,Finn Jeltsch,20000000.0
2345,Jeff Chabot,12000000.0
2346,Anthony Rouault,10000000.0
2347,Ameen Al-Dakhil,7500000.0
2348,Luca Jaquez,6000000.0
2349,Ramon Hendriks,5000000.0
2350,Anrie Chase,3000000.0
2351,Dan-Axel Zagadou,2000000.0
2352,Maximilian Mittelstädt,20000000.0
2353,Frans Krätzig,3500000.0
2354,Josha Vagnoman,10000000.0
2355,Leonidas Stergiou,5000000.0
2356,Pascal Stenzel,2000000.0
2357,Christopher Olivier,500000.0
2358,Angelo Stiller,45000000.0
2359,Atakan Karazor,12000000.0
2360,Yannik Keitel,3500000.0
2361,Nikolas Nartey,400000.0
2362,Enzo Millot,35000000.0
2363,Fabian Rieder,6000000.0
2364,El Bilal Touré,15000000.0
2365,Chris Führich,15000000.0
2366,Jacob Bruun Larsen,5000000.0
2367,Justin Diehl,3000000.0
2368,Jarzinho Malanga,1700000.0
2369,Benjamin Boakye,500000.0
2370,Jamie Leweling,20000000.0
2371,Silas,7000000.0
2372,Luca Raimund,400000.0
2373,Nick Woltemade,30000000.0
2374,Ermedin Demirovic,22000000.0
2375,Deniz Undav,20000000.0
2376,Wahid Faghir,700000.0
2377,Eliot Bujupi,500000.0
2378,Thomas Kastanaras,400000.0
2379,Kamil Grabara,14000000.0
2380,Marius Müller,1500000.0
2381,Pavao Pervan,300000.0
2382,Niklas Klinger,100000.0
2383,Konstantinos Koulierakis,25000000.0
2384,Cédric Zesiger,7000000.0
2385,Denis Vavro,7000000.0
2386,Sebastiaan Bornauw,6000000.0
2387,Moritz Jenz,5000000.0
2388,David Odogu,1500000.0
2389,Mathys Angély,600000.0
2390,Joakim Maehle,14000000.0
2391,Nicolas Cozza,3500000.0
2392,Rogério,2500000.0
2393,Kilian Fischer,6000000.0
2394,Mattias Svanberg,12000000.0
2395,Aster Vranckx,7000000.0
2396,Maximilian Arnold,5000000.0
2397,Yannick Gerhardt,2500000.0
2398,Kevin Paredes,7500000.0
2399,Lovro Majer,17000000.0
2400,Bence Dárdai,12000000.0
2401,Jakub Kaminski,5000000.0
2402,Patrick Wimmer,15000000.0
2403,Andreas Skov Olsen,14000000.0
2404,Bennit Bröger,500000.0
2405,Mohamed Amoura,32000000.0
2406,Tiago Tomás,12000000.0
2407,Jonas Wind,12000000.0
2408,Lukas Nmecha,3000000.0
2409,Kevin Behrens,1000000.0
2410,Bartosz Bialek,800000.0
2411,Oliver Baumann,3000000.0
2412,Luca Philipp,750000.0
2413,Jakob Busk,250000.0
2414,Lúkas Petersson,250000.0
2415,Leo Østigård,10000000.0
2416,Ozan Kabak,5000000.0
2417,Arthur Chaves,5000000.0
2418,Robin Hranac,3500000.0
2419,Tim Drexler,3000000.0
2420,Kevin Akpoguma,2500000.0
2421,Stanley Nsoki,2500000.0
2422,Attila Szalai,1700000.0
2423,Noah König,250000.0
2424,David Jurásek,5000000.0
2425,Christopher Lenz,500000.0
2426,Hennes Behrens,350000.0
2427,Luca Erlein,300000.0
2428,Lars Strobl,25000.0
2429,Anton Stach,14000000.0
2430,Florian Grillitsch,2000000.0
2431,Diadié Samassékou,1000000.0
2432,Umut Tohumcu,6000000.0
2433,Grischa Prömel,3000000.0
2434,Dennis Geiger,2000000.0
2435,Finn Becker,2000000.0
2436,Luka Duric,250000.0
2437,Pavel Kaderabek,1700000.0
2438,Alexander Prass,5000000.0
2439,Andrej Kramaric,4000000.0
2440,Julian Justvan,2200000.0
2441,Florian Micheler,500000.0
2442,Bazoumana Touré,9000000.0
2443,Marius Bülter,2500000.0
2444,Paul Hennrich,400000.0
2445,Adam Hlozek,18000000.0
2446,Gift Orban,10000000.0
2447,Max Moerstedt,7000000.0
2448,Mergim Berisha,3500000.0
2449,Haris Tabakovic,2500000.0
2450,Erencan Yardımcı,2500000.0
2451,Ihlas Bebou,1000000.0
2452,David Mokwa,1000000.0
2453,Simon Kalambayi,175000.0
2454,Michael Zetterer,4500000.0
2455,Mio Backhaus,2000000.0
2456,Markus Kolke,300000.0
2457,Marco Friedl,12000000.0
2458,Niklas Stark,4000000.0
2459,Amos Pieper,3500000.0
2460,Milos Veljkovic,3000000.0
2461,Julián Malatini,2500000.0
2462,Anthony Jung,1000000.0
2463,Felix Agu,8000000.0
2464,Derrick Köhn,5000000.0
2465,Olivier Deman,3000000.0
2466,Mitchell Weiser,5000000.0
2467,Senne Lynen,9000000.0
2468,Skelly Alvero,2500000.0
2469,Jens Stage,14000000.0
2470,Leonardo Bittencourt,1500000.0
2471,Romano Schmid,17000000.0
2472,Isak Hansen-Aarøen,1000000.0
2473,Leon Opitz,600000.0
2474,Marco Grüll,4000000.0
2475,Abdenego Nankishi,450000.0
2476,Justin Njinmah,7000000.0
2477,Marvin Ducksch,6000000.0
2478,Keke Topp,4000000.0
2479,Oliver Burke,3000000.0
2480,Maik Lukowicz,150000.0
2481,Noah Atubolu,18000000.0
2482,Florian Müller,1200000.0
2483,Jannik Huth,400000.0
2484,Philipp Lienhart,12000000.0
2485,Max Rosenfelder,8000000.0
2486,Matthias Ginter,7000000.0
2487,Bruno Ogbus,1000000.0
2488,Manuel Gulde,400000.0
2489,Jordy Makengo,6000000.0
2490,Christian Günter,3500000.0
2491,Kenneth Schmidt,800000.0
2492,Roland Sallai,10000000.0
2493,Kiliann Sildillia,10000000.0
2494,Lukas Kübler,1500000.0
2495,Patrick Osterhage,10000000.0
2496,Nicolas Höfler,500000.0
2497,Maximilian Eggestein,10000000.0
2498,Johan Manzambi,8000000.0
2499,Yann Sturm,500000.0
2500,Merlin Röhl,12000000.0
2501,Daniel-Kofi Kyereh,800000.0
2502,Vincenzo Grifo,6000000.0
2503,Noah Weißhaupt,5000000.0
2504,Florent Muslija,1800000.0
2505,Ritsu Doan,25000000.0
2506,Eren Dinkçi,8000000.0
2507,Niklas Beste,7000000.0
2508,Maximilian Philipp,800000.0
2509,Junior Adamu,5000000.0
2510,Lucas Höler,3000000.0
2511,Michael Gregoritsch,3000000.0
2512,Moritz Nicolas,5000000.0
2513,Jonas Omlin,2500000.0
2514,Tiago Pereira Cardoso,1500000.0
2515,Tobias Sippel,300000.0
2516,Ko Itakura,12000000.0
2517,Nico Elvedi,8000000.0
2518,Marvin Friedrich,3500000.0
2519,Fabio Chiarodia,2000000.0
2520,Lukas Ullrich,8000000.0
2521,Luca Netz,6000000.0
2522,Joe Scally,10000000.0
2523,Stefan Lainer,1200000.0
2524,Julian Weigl,6000000.0
2525,Niklas Swider,250000.0
2526,Veit Stange,150000.0
2527,Rocco Reitz,15000000.0
2528,Philipp Sander,4000000.0
2529,Florian Neuhaus,3500000.0
2530,Kevin Stöger,3500000.0
2531,Robin Hack,12000000.0
2532,Yvandro Borges Sanches,500000.0
2533,Noah Pesch,300000.0
2534,Franck Honorat,12000000.0
2535,Nathan Ngoumou,4000000.0
2536,Charles Herrmann,300000.0
2537,Tim Kleindienst,17000000.0
2538,Alassane Pléa,5000000.0
2539,Tomas Cvancara,3000000.0
2540,Grant-Leon Ranos,500000.0
2541,Shio Fukuda,500000.0
2542,Finn Dahmen,9000000.0
2543,Nediljko Labrovic,2500000.0
2544,Daniel Klein,150000.0
2545,Chrislain Matsima,22000000.0
2546,Felix Uduokhai,7000000.0
2547,Keven Schlotterbeck,6000000.0
2548,Noahkai Banks,6000000.0
2549,Maximilian Bauer,2000000.0
2550,Jeffrey Gouweleeuw,1500000.0
2551,Reece Oxford,500000.0
2552,Felix Meiser,150000.0
2553,David Deger,100000.0
2554,Dimitrios Giannoulis,3000000.0
2555,Mads Pedersen,2000000.0
2556,Marius Wolf,3000000.0
2557,Henri Koudossou,2000000.0
2558,Robert Gumny,1500000.0
2559,Kristijan Jakic,6500000.0
2560,Niklas Dorsch,3500000.0
2561,Tim Breithaupt,2500000.0
2562,Mahmut Kücüksahin,175000.0
2563,Arne Engels,12000000.0
2564,Arne Maier,4000000.0
2565,Elvis Rexhbecaj,3500000.0
2566,Alexis Claude-Maurice,12000000.0
2567,Mert Kömür,5000000.0
2568,Fredrik Jensen,3500000.0
2569,Juan Cabrera,300000.0
2570,Yusuf Kabadayi,1500000.0
2571,Phillip Tietz,5000000.0
2572,Samuel Essende,4500000.0
2573,Steve Mounié,2000000.0
2574,Daniel Heuer Fernandes,900000.0
2575,Matheo Raab,600000.0
2576,Hannes Hermann,150000.0
2577,Tom Mickel,100000.0
2578,Daniel Elfadli,3500000.0
2579,Lucas Perrin,2000000.0
2580,Dennis Hadzikadunic,2000000.0
2581,Aboubaka Soumahoro,1800000.0
2582,Sebastian Schonlau,800000.0
2583,Gui Ramos,700000.0
2584,Joel Agyekum,200000.0
2585,Valon Zumberi,150000.0
2586,Miro Muheim,4000000.0
2587,Noah Katterbach,600000.0
2588,William Mikelbrencis,2000000.0
2589,Silvan Hefti,1000000.0
2590,Nicolas Oliveira,300000.0
2591,Lukasz Poreba,1000000.0
2592,Jonas Meffert,1000000.0
2593,Moritz Heyer,500000.0
2594,Ludovit Reis,7000000.0
2595,Anssi Suhonen,450000.0
2596,Adam Karabec,4000000.0
2597,Immanuel Pherai,2000000.0
2598,Marco Richter,1500000.0
2599,Bilal Yalcinkaya,300000.0
2600,Jean-Luc Dompé,3500000.0
2601,Alexander Røssing-Lelesiit,2000000.0
2602,Fábio Baldé,2000000.0
2603,Levin Öztunali,300000.0
2604,Emir Sahiti,2000000.0
2605,Adedire Mebude,1000000.0
2606,Bakery Jatta,1000000.0
2607,Ransford Königsdörffer,6000000.0
2608,Davie Selke,3500000.0
2609,Robert Glatzel,3000000.0
2610,Otto Stange,2000000.0
2611,Robin Zentner,4000000.0
2612,Lasse Rieß,400000.0
2613,Daniel Batz,250000.0
2614,Andreas Hanche-Olsen,6000000.0
2615,Dominik Kohr,3500000.0
2616,Maxim Leitsch,1500000.0
2617,Danny da Costa,1500000.0
2618,Stefan Bell,800000.0
2619,Maxim Dal,150000.0
2620,Phillipp Mwene,1800000.0
2621,Anthony Caci,12000000.0
2622,Silvan Widmer,1200000.0
2623,Kaishu Sano,20000000.0
2624,Lennard Maloney,3500000.0
2625,Edimilson Fernandes,3000000.0
2626,Nadiem Amiri,20000000.0
2627,Daniel Gleiber,225000.0
2628,Nikolas Veratschnig,1500000.0
2629,Paul Nebel,24000000.0
2630,Hyun-seok Hong,3500000.0
2631,Jae-sung Lee,2500000.0
2632,Aymen Barkok,500000.0
2633,Arnaud Nordin,5000000.0
2634,Armindo Sieb,3000000.0
2635,Jonathan Burkardt,35000000.0
2636,Nelson Weiper,10000000.0
2637,Karim Onisiwo,800000.0
2638,Marvin Schwäbe,2000000.0
2639,Anthony Racioppi,1000000.0
2640,Philipp Pentke,200000.0
2641,Jonas Nickisch,175000.0
2642,Matthias Köbbing,100000.0
2643,Timo Hübers,3000000.0
2644,Julian Pauli,2500000.0
2645,Joël Schmied,2000000.0
2646,Dominique Heintz,800000.0
2647,Elias Bakatukanda,400000.0
2648,Luca Kilian,400000.0
2649,Neo Telle,300000.0
2650,Mikail Özkan,50000.0
2651,Max Finkgräfe,4000000.0
2652,Leart Paçarada,1500000.0
2653,Jusuf Gazibegovic,4000000.0
2654,Meiko Sponsel,150000.0
2655,Eric Martel,6000000.0
2656,Dejan Ljubicic,4000000.0
2657,Mathias Olesen,1000000.0
2658,Jacob Christensen,800000.0
2659,Denis Huseinbasic,2800000.0
2660,Meiko Wäschenbach,150000.0
2661,Emin Kujovic,125000.0
2662,Rasmus Carstensen,2000000.0
2663,Florian Kainz,1700000.0
2664,Linton Maina,4000000.0
2665,Oliver Schmitt,125000.0
2666,Jan Thielmann,3000000.0
2667,Marvin Obuz,500000.0
2668,Damion Downs,6000000.0
2669,Tim Lemperle,5000000.0
2670,Luca Waldschmidt,2000000.0
2671,Imad Rondic,1500000.0
2672,Steffen Tigges,700000.0
2673,Sargis Adamyan,400000.0
2674,Mark Uth,350000.0
2675,Jaka Cuber Potocnik,350000.0
2676,Florian Dietz,300000.0
2677,Frederik Rönnow,3000000.0
2678,Alexander Schwolow,500000.0
2679,Carl Klaus,350000.0
2680,Diogo Leite,17000000.0
2681,Danilho Doekhi,13000000.0
2682,Leopold Querfeld,13000000.0
2683,Paul Jaeckel,1000000.0
2684,Kevin Vogt,1000000.0
2685,Tom Rothe,10000000.0
2686,Jérôme Roussillon,800000.0
2687,Josip Juranovic,4000000.0
2688,Christopher Trimmel,600000.0
2689,Aljoscha Kemlein,7000000.0
2690,Rani Khedira,2500000.0
2691,András Schäfer,5000000.0
2692,László Bénes,3000000.0
2693,Janik Haberer,2500000.0
2694,Lucas Tousart,2500000.0
2695,Robert Skov,4000000.0
2696,Woo-yeong Jeong,4000000.0
2697,Kevin Volland,700000.0
2698,David Preu,400000.0
2699,Benedict Hollerbach,12000000.0
2700,Yorbe Vertessen,6000000.0
2701,Andrej Ilic,4000000.0
2702,Marin Ljubicic,4000000.0
2703,Jordan,3000000.0
2704,Tim Skarke,2000000.0
2705,Ivan Prtajin,1200000.0
2706,Nikola Vasilj,3500000.0
2707,Ben Voll,500000.0
2708,Eric Oelschlägel,300000.0
2709,Sascha Burchert,200000.0
2710,Ronny Seibt,75000.0
2711,Sören Ahlers,50000.0
2712,Eric Smith,5000000.0
2713,David Nemeth,4000000.0
2714,Hauke Wahl,1500000.0
2715,Karol Mets,1300000.0
2716,Adam Dzwigala,600000.0
2717,Emil Staugaard,125000.0
2718,Muhammad Dahaba,125000.0
2719,Lars Ritzka,1000000.0
2720,Julien Yanda,250000.0
2721,Philipp Treu,5000000.0
2722,Manolis Saliakas,3000000.0
2723,Fin Stevens,500000.0
2724,James Sands,3000000.0
2725,Marwin Schmitz,200000.0
2726,Robert Wagner,3000000.0
2727,Connor Metcalfe,2500000.0
2728,Jackson Irvine,2000000.0
2729,Erik Ahlstrand,500000.0
2730,Carlo Boukhalfa,2000000.0
2731,Danel Sinani,1500000.0
2732,Elias Saad,4000000.0
2733,Romeo Aigbekaen,100000.0
2734,Oladapo Afolayan,4000000.0
2735,Morgan Guilavogui,4000000.0
2736,Scott Banks,500000.0
2737,Johannes Eggestein,2500000.0
2738,Abdoulie Ceesay,500000.0
2739,Maurides,350000.0
2740,Andreas Albers,300000.0
2741,Simon Zoller,300000.0
2742,Kevin Müller,700000.0
2743,Frank Feller,500000.0
2744,Vitus Eicher,250000.0
2745,Paul Tschernuth,100000.0
2746,Benedikt Gimber,3000000.0
2747,Patrick Mainka,3000000.0
2748,Tim Siersleben,2000000.0
2749,Thomas Keller,500000.0
2750,Jonas Föhrenbach,1500000.0
2751,Omar Traoré,4000000.0
2752,Marnon Busch,1200000.0
2753,Julian Niehues,1500000.0
2754,Luka Janes,200000.0
2755,Norman Theuerkauf,175000.0
2756,Jan Schöppner,4000000.0
2757,Luca Kerber,1500000.0
2758,Paul Wanner,18000000.0
2759,Léo Scienza,3000000.0
2760,Adrian Beck,2000000.0
2761,Denis Thomalla,450000.0
2762,Mathias Honsak,2000000.0
2763,Christopher Negele,250000.0
2764,Sirlord Conteh,1500000.0
2765,Marvin Pieringer,5500000.0
2766,Budu Zivzivadze,2000000.0
2767,Maximilian Breunig,1500000.0
2768,Mikkel Kaufmann,1200000.0
2769,Stefan Schimmer,500000.0
2770,Gianluigi Donnarumma,40000000.0
2771,Matvey Safonov,20000000.0
2772,Arnau Tenas,3000000.0
2773,Willian Pacho,65000000.0
2774,Marquinhos,35000000.0
2775,Lucas Beraldo,25000000.0
2776,Milan Škriniar,15000000.0
2777,Presnel Kimpembe,5000000.0
2778,Axel Tape,2000000.0
2779,Noham Kamara,500000.0
2780,Nuno Mendes,70000000.0
2781,Lucas Hernández,25000000.0
2782,Achraf Hakimi,80000000.0
2783,Yoram Zague,2500000.0
2784,Gabriel Moscardo,8000000.0
2785,João Neves,80000000.0
2786,Warren Zaïre-Emery,55000000.0
2787,Fabián Ruiz,40000000.0
2788,Senny Mayulu,15000000.0
2789,Kang-in Lee,25000000.0
2790,Bradley Barcola,70000000.0
2791,Désiré Doué,90000000.0
2792,Ibrahim Mbaye,3000000.0
2793,Ousmane Dembélé,90000000.0
2794,Gonçalo Ramos,40000000.0
2795,Gerónimo Rulli,8000000.0
2796,Jeffrey de Lange,2000000.0
2797,Rubén Blanco,1000000.0
2798,Jelle Van Neck,50000.0
2799,Leonardo Balerdi,20000000.0
2800,Lilian Brassier,10000000.0
2801,Luiz Felipe,5000000.0
2802,Derek Cornelius,5000000.0
2803,Bamo Meïté,4000000.0
2804,Chancel Mbemba,2000000.0
2805,Roggerio Nyakossi,500000.0
2806,Quentin Merlin,15000000.0
2807,Ulisses Garcia,5000000.0
2808,Alexi Koum,100000.0
2809,Amar Dedić,12000000.0
2810,Amir Murillo,10000000.0
2811,Pol Lirola,4000000.0
2812,Pierre-Emile Højbjerg,20000000.0
2813,Geoffrey Kondogbia,7000000.0
2814,Adrien Rabiot,25000000.0
2815,Ismaël Koné,9000000.0
2816,Valentin Rongier,9000000.0
2817,Bilal Nadir,5000000.0
2818,Enzo Sternal,1500000.0
2819,Darryl Bakola,200000.0
2820,Jonathan Rowe,12000000.0
2821,Amine Harit,8000000.0
2822,Salim Ben Seghir,400000.0
2823,Mason Greenwood,40000000.0
2824,Keyliane Abdallah,100000.0
2825,Amine Gouiri,30000000.0
2826,Faris Moumbagna,5000000.0
2827,Robinio Vaz,150000.0
2828,Radoslaw Majecki,6000000.0
2829,Philipp Köhn,5000000.0
2830,Jules Stawiecki,200000.0
2831,Yann Lienard,100000.0
2832,Wilfried Singo,25000000.0
2833,Thilo Kehrer,20000000.0
2834,Christian Mawissa,15000000.0
2835,Mohammed Salisu,12000000.0
2836,Caio Henrique,15000000.0
2837,Ismail Jakobs,7000000.0
2838,Kassoum Ouattara,7000000.0
2839,Vanderson,20000000.0
2840,Jordan Teze,9000000.0
2841,Denis Zakaria,30000000.0
2842,Soungoutou Magassa,12000000.0
2843,Moatasem Al-Musrati,8000000.0
2844,Lamine Camara,22000000.0
2845,Eliot Matazo,2000000.0
2846,Edan Diop,600000.0
2847,Mamadou Coulibaly,200000.0
2848,Mayssam Benama,150000.0
2849,Aleksandr Golovin,20000000.0
2850,Saïmon Bouabré,300000.0
2851,Eliesse Ben Seghir,28000000.0
2852,Takumi Minamino,15000000.0
2853,Lucas Michal,500000.0
2854,Maghnes Akliouche,45000000.0
2855,Krépin Diatta,7000000.0
2856,Mika Biereth,30000000.0
2857,Folarin Balogun,18000000.0
2858,George Ilenikhena,15000000.0
2859,Breel Embolo,12000000.0
2860,Joan Tincres,100000.0
2861,Djordje Petrovic,20000000.0
2862,Robin Risser,1500000.0
2863,Alaa Bellaarouch,400000.0
2864,Karl-Johan Johnsson,300000.0
2865,Ismaël Doukouré,18000000.0
2866,Abakar Sylla,10000000.0
2867,Saïdou Sow,6000000.0
2868,Yoni Gomis,700000.0
2869,Caleb Wiley,8000000.0
2870,Eduard Sobol,900000.0
2871,Thomas Delaine,600000.0
2872,Guéla Doué,18000000.0
2873,Marvin Senaya,1800000.0
2874,Karol Fila,600000.0
2875,Junior Mwanga,6000000.0
2876,Rabby Nzingoula,2500000.0
2877,Pape Diong,800000.0
2878,Habib Diarra,20000000.0
2879,Samir El Mourabet,50000.0
2880,Diego Moreira,18000000.0
2881,Sebastian Nanasi,18000000.0
2882,Félix Lemaréchal,10000000.0
2883,Óscar Perea,2000000.0
2884,Nordine Kandil,1000000.0
2885,Rayane Messi,800000.0
2886,Jérémy Sebas,700000.0
2887,Dilane Bakwa,25000000.0
2888,Samuel Amo-Ameyaw,4000000.0
2889,Abdoul Ouattara,1200000.0
2890,Emmanuel Emegha,25000000.0
2891,Milos Lukovic,5000000.0
2892,Sékou Mara,5000000.0
2893,Moïse Sahi Dion,1000000.0
2894,Lucas Chevalier,30000000.0
2895,Lisandru Olmeta,150000.0
2896,Vito Mannone,150000.0
2897,Marc-Aurèle Caillard,100000.0
2898,Bafodé Diakité,28000000.0
2899,Alexsandro,20000000.0
2900,Samuel Umtiti,1500000.0
2901,Aïssa Mandi,1200000.0
2902,Rafael Fernandes,1000000.0
2903,Ousmane Touré,500000.0
2904,Gabriel Gudmundsson,7000000.0
2905,Ismaily,1200000.0
2906,Vincent Burlet,600000.0
2907,Tiago Santos,15000000.0
2908,Thomas Meunier,2000000.0
2909,Akim Zedadka,700000.0
2910,Ngal'ayel Mukau,15000000.0
2911,Nabil Bentaleb,6000000.0
2912,Benjamin André,5000000.0
2913,Ugo Raghouber,4000000.0
2914,Ayyoub Bouaddi,28000000.0
2915,André Gomes,6000000.0
2916,Angel Gomes,20000000.0
2917,Hákon Arnar Haraldsson,18000000.0
2918,Rémy Cabella,2500000.0
2919,Matías Fernández-Pardo,15000000.0
2920,Osame Sahraoui,12000000.0
2921,Younes Lachaab,50000.0
2922,Edon Zhegrova,25000000.0
2923,Ethan Mbappé,5000000.0
2924,Aaron Malouda,150000.0
2925,Jonathan David,45000000.0
2926,Chuba Akpom,7000000.0
2927,Mohamed Bayo,2800000.0
2928,Lucas Perri,10000000.0
2929,Anthony Lopes,1200000.0
2930,Rémy Descamps,1200000.0
2931,Justin Bengui,400000.0
2932,Lassine Diarra,50000.0
2933,Moussa Niakhaté,15000000.0
2934,Duje Caleta-Car,7000000.0
2935,Adryelson,3500000.0
2936,Clinton Mata,3500000.0
2937,Warmed Omari,3000000.0
2938,Abner,7000000.0
2939,Nicolás Tagliafico,6000000.0
2940,Ainsley Maitland-Niles,12000000.0
2941,Saël Kumbedi,7000000.0
2942,Tanner Tessmann,6000000.0
2943,Nemanja Matić,2000000.0
2944,Paul Akouokou,800000.0
2945,Corentin Tolisso,12000000.0
2946,Jordan Veretout,4000000.0
2947,Mahamadou Diawara,2000000.0
2948,Malick Fofana,30000000.0
2949,Thiago Almada,25000000.0
2950,Saïd Benrahma,10000000.0
2951,Wilfried Zaha,5000000.0
2952,Ernest Nuamah,15000000.0
2953,Georges Mikautadze,22000000.0
2954,Alexandre Lacazette,6000000.0
2955,Mama Baldé,4000000.0
2956,Alejandro Gomes Rodríguez,100000.0
2957,Enzo Molebe,100000.0
2958,Brice Samba,12000000.0
2959,Doğan Alemdar,1500000.0
2960,Gauthier Gallon,800000.0
2961,Steve Mandanda,500000.0
2962,Geoffrey Lembet,100000.0
2963,Jérémy Jacquet,10000000.0
2964,Alidu Seidu,9000000.0
2965,Christopher Wooh,6000000.0
2966,Mikayil Faye,6000000.0
2967,Abdelhamid Ait Boudlal,500000.0
2968,Adrien Truffert,15000000.0
2969,Mahamadou Nagida,800000.0
2970,Lorenz Assignon,9000000.0
2971,Hans Hateboer,2500000.0
2972,Azor Matusiwa,8000000.0
2973,Baptiste Santamaria,7000000.0
2974,Seko Fofana,10000000.0
2975,Jordan James,8000000.0
2976,Djaoui Cissé,8000000.0
2977,Benjamin Bourigeaud,7000000.0
2978,Glen Kamara,5000000.0
2979,Ludovic Blas,18000000.0
2980,Albert Grønbaek,11000000.0
2981,Jota,8000000.0
2982,Kazeem Olaigbe,5000000.0
2983,Andrés Gómez,4000000.0
2984,Mousa Tamari,6000000.0
2985,Arnaud Kalimuendo,22000000.0
2986,Kyogo Furuhashi,9000000.0
2987,Kader Meïté,5000000.0
2988,Alan Do Marcolino,100000.0
2989,Wilson Samaké,100000.0
2990,Marcin Bulka,20000000.0
2991,Maxime Dupé,900000.0
2992,Teddy Boulhendi,50000.0
2993,Youssouf Ndayishimiye,12000000.0
2994,Moïse Bombito,10000000.0
2995,Mohamed Abdelmonem,4000000.0
2996,Antoine Mendy,2500000.0
2997,Dante,500000.0
2998,Amidou Doumbouya,200000.0
2999,Melvin Bard,15000000.0
3000,Ali Abdi,3000000.0
3001,Yaël Nandjou,150000.0
3002,Iliesse Salhi,50000.0
3003,Jordan Lotomba,6500000.0
3004,Jonathan Clauss,5000000.0
3005,Pablo Rosario,8000000.0
3006,Hicham Boudaoui,15000000.0
3007,Tanguy Ndombélé,7000000.0
3008,Morgan Sanson,5000000.0
3009,Daouda Traoré,250000.0
3010,Issiaga Camara,200000.0
3011,Tom Louchet,2500000.0
3012,Rareș Ilie,1800000.0
3013,Jérémie Boga,10000000.0
3014,Sofiane Diop,10000000.0
3015,Evann Guessand,25000000.0
3016,Mohamed-Ali Cho,15000000.0
3017,Badredine Bouanani,7000000.0
3018,Billal Brahimi,1800000.0
3019,Terem Moffi,15000000.0
3020,Youssoufa Moukoko,10000000.0
3021,Gaëtan Laborde,6000000.0
3022,Victor Orakpo,400000.0
3023,Farès Bousnina,150000.0
3024,Bernard Nguene,100000.0
3025,Obed Nkambadio,5000000.0
3026,Rémy Riou,100000.0
3027,Moustapha Mbow,4000000.0
3028,Yoan Koré,900000.0
3029,Samir Chergui,700000.0
3030,Timothée Kolodziejczak,250000.0
3031,Thibault De Smet,2500000.0
3032,Jules Gaudin,700000.0
3033,Tuomas Ollila,600000.0
3034,Mathys Tourraine,1200000.0
3035,Sofiane Alakouch,250000.0
3036,Maxime Lopez,6000000.0
3037,Adama Camara,1500000.0
3038,Lohann Doucet,700000.0
3039,Mohamadou Kanté,200000.0
3040,Vincent Marchetti,2000000.0
3041,Alimami Gory,1500000.0
3042,Josias Lukembila,400000.0
3043,Julien Lopez,250000.0
3044,Ilan Kebbal,5000000.0
3045,Mathieu Cafaro,2500000.0
3046,Lamine Gueye,300000.0
3047,Andy Pembélé,50000.0
3048,Jean-Philippe Krasso,5000000.0
3049,Pierre-Yves Hamel,500000.0
3050,Ayoub Jabbari,400000.0
3051,Nouha Dicko,350000.0
3052,Omar Sissoko,150000.0
3053,Hervé Koffi,1200000.0
3054,Denis Petric,100000.0
3055,Facundo Medina,25000000.0
3056,Juma Bah,6000000.0
3057,Malang Sarr,5000000.0
3058,Jonathan Gradit,4000000.0
3059,Nidal Celik,1800000.0
3060,Ismaëlo Ganiou,1000000.0
3061,Kyllian Antonio,300000.0
3062,Jhoanner Chávez,3500000.0
3063,Deiver Machado,3000000.0
3064,Massadio Haïdara,1500000.0
3065,Przemyslaw Frankowski,7000000.0
3066,Ruben Aguilar,3500000.0
3067,Tom Pouilly,800000.0
3068,Hamzat Ojediran,1800000.0
3069,Nampalys Mendy,1800000.0
3070,Andy Diouf,15000000.0
3071,Neil El Aynaoui,15000000.0
3072,Adrien Thomasson,5000000.0
3073,David Da Costa,6000000.0
3074,Angelo Fulgini,5000000.0
3075,Kembo Diliwidi,50000.0
3076,Jeremy Agbonifo,5000000.0
3077,M'Bala Nzola,6000000.0
3078,Martín Satriano,5000000.0
3079,Wesley Saïd,3000000.0
3080,Goduine Koyalipou,2500000.0
3081,Florian Sotoca,2000000.0
3082,Rémy Labeau Lascary,2000000.0
3083,Rayan Fofana,50000.0
3084,Gabin Capuano,50000.0
3085,Guillaume Restes,20000000.0
3086,Kjetil Haug,600000.0
3087,Álex Domínguez,300000.0
3088,Charlie Cresswell,10000000.0
3089,Mark McKenzie,6000000.0
3090,Rasmus Nicolaisen,4500000.0
3091,Jaydee Canvot,4000000.0
3092,Ümit Akdağ,600000.0
3093,Gabriel Suazo,4000000.0
3094,Warren Kamanzi,2000000.0
3095,Djibril Sidibé,1000000.0
3096,Rafik Messali,800000.0
3097,Cristian Cásseres Jr.,6000000.0
3098,Vincent Sierro,4000000.0
3099,Niklas Schmidt,1800000.0
3100,Miha Zajc,1500000.0
3101,Aron Dønnum,4000000.0
3102,Naatan Skyttä,3000000.0
3103,Denis Genreau,800000.0
3104,Edhy Zuliani,50000.0
3105,Mathis Saka,50000.0
3106,Yann Gboho,8000000.0
3107,Zakaria Aboukhlal,12000000.0
3108,Shavy Babicka,2500000.0
3109,Noah Edjouma,800000.0
3110,Mamady Bangré,500000.0
3111,Frank Magri,3000000.0
3112,Joshua King,1800000.0
3113,Alban Lafont,3000000.0
3114,Patrik Carlgren,600000.0
3115,Hugo Barbet,50000.0
3116,Nathan Zézé,15000000.0
3117,Jean-Charles Castelletto,3500000.0
3118,Jean-Kévin Duverne,2500000.0
3119,Jean-Philippe Gbamin,2000000.0
3120,Nicolas Pallois,400000.0
3121,Sékou Doucouré,50000.0
3122,Kelvin Amian,2500000.0
3123,Fabien Centonze,1800000.0
3124,Marcus Coco,1200000.0
3125,Johann Lepenant,6000000.0
3126,Pedro Chirivella,5000000.0
3127,Francis Coquelin,900000.0
3128,Douglas Augusto,6000000.0
3129,Dehmaine Tabibou,200000.0
3130,Meschack Elia,4000000.0
3131,Louis Leroux,4000000.0
3132,Florent Mollet,1200000.0
3133,Moses Simon,12000000.0
3134,Sorba Thomas,3500000.0
3135,Herba Guirassy,1000000.0
3136,Adel Mahamoud,50000.0
3137,Matthis Abline,18000000.0
3138,Mostafa Mohamed,5000000.0
3139,Tino Kadewere,2500000.0
3140,Ignatius Ganago,2000000.0
3141,Marco Bizot,3000000.0
3142,Grégoire Coudert,500000.0
3143,Brendan Chardonnet,6000000.0
3144,Abdoulaye Ndiaye,4000000.0
3145,Julien Le Cardinal,2000000.0
3146,Achraf Dari,1500000.0
3147,Bradley Locko,9000000.0
3148,Jordan Amavi,1500000.0
3149,Justin Bourgault,800000.0
3150,Luck Zogbé,2500000.0
3151,Kenny Lala,2000000.0
3152,Pierre Lees-Melou,6000000.0
3153,Jonas Martin,600000.0
3154,Hamidou Makalou,300000.0
3155,Mahdi Camara,9000000.0
3156,Hugo Magnetti,6000000.0
3157,Hianga'a Mbock,400000.0
3158,Romain Faivre,6000000.0
3159,Kamory Doumbia,4000000.0
3160,Abdallah Sima,9000000.0
3161,Ibrahim Salah,3000000.0
3162,Mathias Pereira Lage,2500000.0
3163,Romain Del Castillo,7000000.0
3164,Axel Camblan,500000.0
3165,Ludovic Ajorque,4000000.0
3166,Jérémy Le Douaron,3000000.0
3167,Saliou Diop,50000.0
3168,Yvon Mvogo,3000000.0
3169,Benjamin Leroy,150000.0
3170,Montassar Talbi,6000000.0
3171,Formose Mendy,2500000.0
3172,Nathaniel Adjei,1500000.0
3173,Julien Laporte,1200000.0
3174,Enzo Genton,100000.0
3175,Darlin Yongwa,4000000.0
3176,Isaac James,150000.0
3177,Gédéon Kalulu,2000000.0
3178,Igor Silva,1000000.0
3179,Laurent Abergel,2500000.0
3180,Thomas Colléaux,50000.0
3181,Arthur Avom,5000000.0
3182,Panos Katseris,2500000.0
3183,Joel Mvuka,2500000.0
3184,Théo Le Bris,1500000.0
3185,Julien Ponceau,4000000.0
3186,Jean-Victor Makengo,2500000.0
3187,Bandiougou Fadiga,300000.0
3188,Pablo Pagis,3500000.0
3189,Bassirou N'Diaye,200000.0
3190,Stéphane Diarra,800000.0
3191,Junior Kroupi,15000000.0
3192,Mohamed Bamba,5000000.0
3193,Bamba Dieng,3000000.0
3194,Sambou Soumano,2500000.0
3195,Aiyegun Tosin,2000000.0
3196,Donovan Léon,1000000.0
3197,Théo De Percin,300000.0
3198,Tom Negrel,50000.0
3199,Raphaël Adiceam,50000.0
3200,Sinaly Diomandé,5000000.0
3201,Clément Akpa,5000000.0
3202,Gabriel Osho,3000000.0
3203,Jubal,2500000.0
3204,Théo Pellenard,700000.0
3205,Saad Agouzoul,500000.0
3206,Madiou Keita,150000.0
3207,Victor Mayela,100000.0
3208,Gideon Mensah,4000000.0
3209,Fredrik Oppegård,600000.0
3210,Ki-Jana Hoever,5000000.0
3211,Paul Joly,1800000.0
3212,Ange Loïc N'Gatta,100000.0
3213,Elisha Owusu,3000000.0
3214,Assane Dioussé,700000.0
3215,Nathan Buayi-Kiala,100000.0
3216,Kévin Danois,8000000.0
3217,Rayan Raveloson,2000000.0
3218,Rudy Matondo,300000.0
3219,Aristide Zossou,100000.0
3220,Gaëtan Perrin,8000000.0
3221,Lasso Coulibaly,1200000.0
3222,Eros Maddy,150000.0
3223,Lassine Sinayoko,4000000.0
3224,Theo Bair,1800000.0
3225,Ado Onaiwu,1500000.0
3226,Florian Ayé,1200000.0
3227,Arthur Desmas,1200000.0
3228,Mathieu Gorgelin,300000.0
3229,Arouna Sangante,8000000.0
3230,Étienne Youté Kinkoué,7000000.0
3231,Gautier Lloris,3000000.0
3232,Yoann Salmier,800000.0
3233,Christopher Operi,3800000.0
3234,Fodé Ballo-Touré,1200000.0
3235,Yanis Zouaoui,800000.0
3236,Timothée Pembélé,2500000.0
3237,Loïc Nego,700000.0
3238,Oualid El Hajjam,300000.0
3239,Oussama Targhalline,4000000.0
3240,Abdoulaye Touré,3000000.0
3241,Aloïs Confais,150000.0
3242,Mathéo Bodmer,50000.0
3243,Yassine Kechta,5000000.0
3244,Daler Kuzyaev,3500000.0
3245,Rassoul Ndiaye,2000000.0
3246,Ismaïl Bouneb,50000.0
3247,Antoine Joujou,2000000.0
3248,Issa Soumaré,2000000.0
3249,Kandet Diawara,400000.0
3250,Josué Casimir,4000000.0
3251,Emmanuel Sabbi,1500000.0
3252,Samuel Grandsir,800000.0
3253,Ilyes Housni,1500000.0
3254,Steve Ngoura,800000.0
3255,Ahmed Hassan,800000.0
3256,André Ayew,600000.0
3257,Yann Kitala,400000.0
3258,Elysée Logbo,400000.0
3259,Arnaud Bodart,2500000.0
3260,Pape Sy,300000.0
3261,Alexandre Oukidja,250000.0
3262,Alexis Mirbach,100000.0
3263,Sadibou Sané,5000000.0
3264,Fali Candé,2500000.0
3265,Michel Mboula,1200000.0
3266,Aboubacar Lô,300000.0
3267,Ismaël Traoré,200000.0
3268,Matthieu Udol,3500000.0
3269,Koffi Kouao,2000000.0
3270,Kevin Van Den Kerkhof,1200000.0
3271,Maxime Colin,300000.0
3272,Alpha Touré,400000.0
3273,Benjamin Stambouli,400000.0
3274,Jessy Deminguet,2500000.0
3275,Joseph Nduquidi,400000.0
3276,Ablie Jallow,1500000.0
3277,Papa Amadou Diallo,4000000.0
3278,Cheikh Sabaly,4000000.0
3279,Morgan Bokele,600000.0
3280,Gauthier Hein,4000000.0
3281,Joel Asoro,1000000.0
3282,Malick Mbaye,500000.0
3283,Benjamin Tetteh,1000000.0
3284,Simon Elisor,1000000.0
3285,Ibou Sané,600000.0
3286,Joseph Mangondo,50000.0
3287,Yahia Fofana,7000000.0
3288,Melvin Zinga,300000.0
3289,Emmanuel Biumla,4000000.0
3290,Jordan Lefort,1500000.0
3291,Cédric Hountondji,1200000.0
3292,Ousmane Camara,400000.0
3293,Abdoulaye Bamba,300000.0
3294,Jacques Ekomié,800000.0
3295,Florent Hanin,300000.0
3296,Carlens Arcus,1800000.0
3297,Lilian Raolisoa,800000.0
3298,Halid Sabanovic,150000.0
3299,Jean-Eudes Aholou,2000000.0
3300,Zinédine Ould Khaled,400000.0
3301,Marius Courcoul,300000.0
3302,Enzo Caumont,50000.0
3303,Haris Belkebla,2000000.0
3304,Yassin Belkhdim,1000000.0
3305,Joseph Lopy,300000.0
3306,Pierrick Capelle,200000.0
3307,Himad Abdelli,7000000.0
3308,Farid El Melali,3500000.0
3309,Jim Allevinah,1500000.0
3310,Zinedine Ferhat,1000000.0
3311,Justin Kalumba,400000.0
3312,Estéban Lepaul,7000000.0
3313,Loïs Diony,1200000.0
3314,Ibrahima Niane,1000000.0
3315,Sidiki Chérif,800000.0
3316,Adrien Hunou,400000.0
3317,Prosper Peter,50000.0
